CREATE TABLE PEKERJAAN
(
  ID                         NUMBER,
  KODE                       VARCHAR2(2000 BYTE),
  NO_PERKIRAAN               VARCHAR2(2000 BYTE),
  NAMA                       VARCHAR2(2000 BYTE),
  TANGGAL_RENCANA_PENGADAAN  DATE,
  ANGGARAN                   NUMBER(20,2),
  HPS                        NUMBER(20,2),
  BOBOT_TEKNIS               NUMBER(5,2),
  BATAS_LULUS                NUMBER(5,2),
  STATUS_UMUM                NUMBER(1)          DEFAULT 0,
  METODE_KONTRAK             NUMBER(3),
  STATUS_SELESAI             NUMBER(1)          DEFAULT 0,
  KLASIFIKASI_ID             NUMBER,
  BIDANG_ID                  NUMBER,
  METODE_PENGADAAN_ID        NUMBER,
  SATUAN_KERJA_ID            NUMBER,
  PENGGUNA_ANGGARAN_ID       NUMBER,
  PPK_ID                     NUMBER,
  STATUS                     NUMBER             DEFAULT 0,
  TUJUAN_SURAT               NUMBER             DEFAULT 0,
  ALASAN_TIDAK_SETUJU        VARCHAR2(2000 BYTE),
  STATE                      NUMBER             DEFAULT 0,
  CREATED_AT                 DATE,
  UPDATED_AT                 DATE,
  STATUS_ELEKTRONIK          NUMBER(1)          DEFAULT 0,
  LOKASI                     VARCHAR2(2000 BYTE) DEFAULT 'Kantor Pusat',
  SUMBER_DANA                VARCHAR2(2000 BYTE) DEFAULT 'Dana Internal',
  NO_SURAT_PERINTAH          VARCHAR2(2000 BYTE) DEFAULT '-',
  TAHUN                      NUMBER             DEFAULT 2012,
  PPN                        NUMBER(5,2),
  CREATED_BY                 VARCHAR2(100 BYTE),
  UPDATED_BY                 VARCHAR2(100 BYTE),
  NOMOR                      INTEGER,
  KODE_ULANG                 VARCHAR2(2000 BYTE),
  IMPORT_FROM                VARCHAR2(30 BYTE),
  NOPO                       VARCHAR2(30 BYTE),
  TGLPO                      DATE
)
LOGGING 
NOCOMPRESS 
NOCACHE
NOPARALLEL
MONITORING;


CREATE TABLE PEKERJAAN_PEMENANG
(
  PEKERJAAN_ID                NUMBER,
  PENAWARAN_ID                NUMBER,
  NOMOR_PP                    VARCHAR2(2000 BYTE),
  TANGGAL_PP                  DATE,
  NOMOR_KONTRAK               VARCHAR2(2000 BYTE),
  TANGGAL_PENGESAHAN_KONTRAK  DATE,
  TANGGAL_SELESAI_KONTRAK     DATE,
  STATE                       NUMBER,
  ADENDUM_HARI                NUMBER,
  CREATED_AT                  DATE,
  UPDATED_AT                  DATE
)
LOGGING 
NOCOMPRESS 
NOCACHE
NOPARALLEL
MONITORING;


CREATE TABLE PEKERJAAN_RINCIAN
(
  ID                NUMBER,
  TIPE              NUMBER(3)                   DEFAULT 1,
  NAMA              VARCHAR2(2000 BYTE),
  VOLUME            NUMBER(21,3),
  VOLUME_REALISASI  NUMBER(21,3)                DEFAULT 0,
  SATUAN            VARCHAR2(2000 BYTE),
  PEKERJAAN_ID      NUMBER,
  PAJAK             NUMBER(6,2)                 DEFAULT 10,
  PAJAK_BM          NUMBER(6,2)                 DEFAULT 0,
  HARGA_SATUAN      NUMBER(20,2)                DEFAULT 0,
  HARGA_SATUAN_OE   NUMBER(20,2)                DEFAULT 0,
  STATE             NUMBER,
  CREATED_AT        DATE,
  UPDATED_AT        DATE,
  SPESIFIKASI       LONG,
  SPESIFIKASI2      VARCHAR2(1000 BYTE),
  NOUPB             VARCHAR2(50 BYTE),
  NOSDKAL           VARCHAR2(60 BYTE),
  NOHPS             VARCHAR2(60 BYTE),
  KODEDISTRIK       VARCHAR2(5 BYTE),
  KODEBARANG        VARCHAR2(2000 BYTE),
  NOREQ             VARCHAR2(6 BYTE),
  STOCKCODE         VARCHAR2(9 BYTE),
  TIPEREQ           VARCHAR2(2 BYTE),
  NOWO              VARCHAR2(8 BYTE),
  WODESC            VARCHAR2(40 BYTE),
  PERUNTUKAN        VARCHAR2(2000 BYTE),
  DSRUSULAN         VARCHAR2(2000 BYTE),
  TGLREQ            DATE,
  TGLKEBUTUHAN      DATE,
  KODE_ANGGARAN     VARCHAR2(50 BYTE),
  CREATED_BY        VARCHAR2(100 BYTE),
  UPDATED_BY        VARCHAR2(100 BYTE),
  SUBNOHPS          VARCHAR2(2 BYTE),
  IDTAMPIL          NUMBER(8),
  PREQ_NO           VARCHAR2(6 CHAR),
  PREQ_ITEM_NO      VARCHAR2(3 CHAR)
)
LOGGING 
NOCOMPRESS 
NOCACHE
NOPARALLEL
MONITORING;


CREATE TABLE PENAWARAN
(
  ID                        NUMBER,
  WAKTU                     DATE,
  NILAI_AKHIR               NUMBER(20,2),
  NILAI_TERENKRIPSI         VARCHAR2(2000 BYTE),
  NILAI_TERENKRIPSI2        VARCHAR2(128 BYTE),
  AMPLOP_ENKRIPSI_PENYEDIA  VARCHAR2(2000 BYTE),
  AMPLOP_ENKRIPSI_PANITIA   VARCHAR2(2000 BYTE),
  TANDA_TANGAN              VARCHAR2(2000 BYTE),
  NILAI_NEGOSIASI           NUMBER(20,2),
  NILAI_TERDEKRIPSI         NUMBER(20,2),
  PEMBUKA_ENKRIPSI          NUMBER(3),
  NILAI_TEKNIS              NUMBER(5,2),
  URUTAN                    NUMBER(3),
  URUTAN_TEKNIS             NUMBER(3),
  STATUS                    NUMBER(3)           DEFAULT 0,
  PERUSAHAAN_ID             NUMBER,
  PENGADAAN_ID              NUMBER,
  TIPE_PENAWARAN            NUMBER              DEFAULT 0,
  FILE_BERKAS_ID            NUMBER              DEFAULT 0,
  FILE_SESSION_ID           NUMBER              DEFAULT 0,
  STATE                     NUMBER              DEFAULT 0,
  CREATED_AT                DATE,
  UPDATED_AT                DATE
)
LOGGING 
NOCOMPRESS 
NOCACHE
NOPARALLEL
MONITORING;


CREATE TABLE PENGADAAN
(
  ID                              NUMBER,
  WAKTU                           DATE,
  ANGGARAN                        NUMBER(20,2),
  HPS                             NUMBER(20,2),
  BOBOT_TEKNIS                    NUMBER(5,2),
  BATAS_LULUS                     NUMBER(5,2),
  STATUS_UMUM                     NUMBER(1)     DEFAULT 0,
  METODE_KONTRAK                  NUMBER(3),
  PENJELASAN_TAMBAHAN             VARCHAR2(2000 BYTE),
  EMAIL_KETUA_PANITIA             VARCHAR2(2000 BYTE),
  KUNCI_PUBLIK                    VARCHAR2(2000 BYTE),
  STATUS_BOLEH_MEMBUKA_PENAWARAN  NUMBER(1)     DEFAULT 0,
  STATUS                          NUMBER(3)     DEFAULT 0,
  KLASIFIKASI_ID                  NUMBER,
  BIDANG_ID                       NUMBER,
  METODE_PENGADAAN_ID             NUMBER,
  USER_ID                         NUMBER,
  PEKERJAAN_ID                    NUMBER,
  PERIODE_ID                      NUMBER,
  SATUAN_KERJA_ID                 NUMBER,
  PENGGUNA_ANGGARAN_ID            NUMBER,
  PPK_ID                          NUMBER,
  STATE                           NUMBER,
  CREATED_AT                      DATE,
  UPDATED_AT                      DATE,
  AANWIJZING_TIM_TEKNIS           VARCHAR2(2000 BYTE)
)
LOGGING 
NOCOMPRESS 
NOCACHE
NOPARALLEL
MONITORING;


CREATE TABLE PENGADAAN_RINCIAN
(
  ID                    NUMBER,
  TIPE                  NUMBER(3)               DEFAULT 1,
  NAMA                  VARCHAR2(2000 BYTE),
  VOLUME                NUMBER(21,3),
  SATUAN                VARCHAR2(2000 BYTE),
  PENGADAAN_ID          NUMBER,
  PEKERJAAN_RINCIAN_ID  NUMBER,
  STATE                 NUMBER,
  CREATED_AT            DATE,
  UPDATED_AT            DATE,
  PAJAK                 NUMBER(6,2)             DEFAULT 10,
  PAJAK_BM              NUMBER(6,2)             DEFAULT 0
)
LOGGING 
NOCOMPRESS 
NOCACHE
NOPARALLEL
MONITORING;


CREATE UNIQUE INDEX PEKERJAAN_KODE_INDEX ON PEKERJAAN
(KODE)
LOGGING
NOPARALLEL;


CREATE UNIQUE INDEX PEKERJAAN_PEMENANG_PK ON PEKERJAAN_PEMENANG
(PEKERJAAN_ID)
LOGGING
NOPARALLEL;


CREATE UNIQUE INDEX PEKERJAAN_PK ON PEKERJAAN
(ID)
LOGGING
NOPARALLEL;


CREATE UNIQUE INDEX PEKERJAAN_RINCIAN_PK ON PEKERJAAN_RINCIAN
(ID)
LOGGING
NOPARALLEL;


CREATE UNIQUE INDEX PENAWARAN_PK ON PENAWARAN
(ID)
LOGGING
NOPARALLEL;


CREATE UNIQUE INDEX PENGADAAN_PK ON PENGADAAN
(ID)
LOGGING
NOPARALLEL;


CREATE UNIQUE INDEX PENGADAAN_RINCIAN_PK ON PENGADAAN_RINCIAN
(ID)
LOGGING
NOPARALLEL;



SET DEFINE OFF;
Insert into PEKERJAAN
   (ID, KODE, NO_PERKIRAAN, NAMA, TANGGAL_RENCANA_PENGADAAN, 
    ANGGARAN, HPS, BOBOT_TEKNIS, BATAS_LULUS, STATUS_UMUM, 
    METODE_KONTRAK, STATUS_SELESAI, KLASIFIKASI_ID, BIDANG_ID, METODE_PENGADAAN_ID, 
    SATUAN_KERJA_ID, PENGGUNA_ANGGARAN_ID, PPK_ID, STATUS, TUJUAN_SURAT, 
    ALASAN_TIDAK_SETUJU, STATE, CREATED_AT, UPDATED_AT, STATUS_ELEKTRONIK, 
    LOKASI, SUMBER_DANA, NO_SURAT_PERINTAH, TAHUN, PPN, 
    CREATED_BY, UPDATED_BY, NOMOR, KODE_ULANG, IMPORT_FROM, 
    NOPO, TGLPO)
 Values
   (852, '65869/pupuk/324', '-', 'PENGADAAN PUPUK 123', TO_DATE('03/18/2016 00:00:00', 'MM/DD/YYYY HH24:MI:SS'), 
    89698000000000, 89698000000000, NULL, NULL, 0, 
    1, 0, 3, 3, 32, 
    1, 112, NULL, 1, 0, 
    NULL, 0, TO_DATE('03/18/2016 11:12:08', 'MM/DD/YYYY HH24:MI:SS'), TO_DATE('03/18/2016 11:15:12', 'MM/DD/YYYY HH24:MI:SS'), 0, 
    NULL, NULL, NULL, NULL, 10, 
    'PNT KTR PUSAT PTPN', 'PNT KTR PUSAT PTPN', NULL, NULL, 'AMP', 
    NULL, NULL);
Insert into PEKERJAAN
   (ID, KODE, NO_PERKIRAAN, NAMA, TANGGAL_RENCANA_PENGADAAN, 
    ANGGARAN, HPS, BOBOT_TEKNIS, BATAS_LULUS, STATUS_UMUM, 
    METODE_KONTRAK, STATUS_SELESAI, KLASIFIKASI_ID, BIDANG_ID, METODE_PENGADAAN_ID, 
    SATUAN_KERJA_ID, PENGGUNA_ANGGARAN_ID, PPK_ID, STATUS, TUJUAN_SURAT, 
    ALASAN_TIDAK_SETUJU, STATE, CREATED_AT, UPDATED_AT, STATUS_ELEKTRONIK, 
    LOKASI, SUMBER_DANA, NO_SURAT_PERINTAH, TAHUN, PPN, 
    CREATED_BY, UPDATED_BY, NOMOR, KODE_ULANG, IMPORT_FROM, 
    NOPO, TGLPO)
 Values
   (853, 'PBJ/03/2016/12/99/88', '-', 'PENGADAAN PUPUK KODE 99', TO_DATE('03/21/2016 00:00:00', 'MM/DD/YYYY HH24:MI:SS'), 
    100000000, 100000000, 75, 70, 0, 
    1, 0, 3, 3, 32, 
    27, 117, NULL, 2, 0, 
    NULL, 0, TO_DATE('03/21/2016 02:58:59', 'MM/DD/YYYY HH24:MI:SS'), TO_DATE('03/21/2016 03:24:45', 'MM/DD/YYYY HH24:MI:SS'), 0, 
    NULL, NULL, NULL, NULL, 10, 
    'Panitia 01', 'Panitia 01', NULL, NULL, 'AMP', 
    NULL, NULL);
Insert into PEKERJAAN
   (ID, KODE, NO_PERKIRAAN, NAMA, TANGGAL_RENCANA_PENGADAAN, 
    ANGGARAN, HPS, BOBOT_TEKNIS, BATAS_LULUS, STATUS_UMUM, 
    METODE_KONTRAK, STATUS_SELESAI, KLASIFIKASI_ID, BIDANG_ID, METODE_PENGADAAN_ID, 
    SATUAN_KERJA_ID, PENGGUNA_ANGGARAN_ID, PPK_ID, STATUS, TUJUAN_SURAT, 
    ALASAN_TIDAK_SETUJU, STATE, CREATED_AT, UPDATED_AT, STATUS_ELEKTRONIK, 
    LOKASI, SUMBER_DANA, NO_SURAT_PERINTAH, TAHUN, PPN, 
    CREATED_BY, UPDATED_BY, NOMOR, KODE_ULANG, IMPORT_FROM, 
    NOPO, TGLPO)
 Values
   (855, '677/PMG/MRT/IV/16', '-', 'Pembangunan Gedung', TO_DATE('03/21/2016 00:00:00', 'MM/DD/YYYY HH24:MI:SS'), 
    450000000, 450000000, 80, 75, 0, 
    1, 0, 1, 1, 32, 
    1, 112, NULL, 55, 0, 
    NULL, 0, TO_DATE('03/21/2016 12:26:30', 'MM/DD/YYYY HH24:MI:SS'), TO_DATE('03/22/2016 03:06:00', 'MM/DD/YYYY HH24:MI:SS'), 0, 
    NULL, 'Anggaran 2016', NULL, NULL, 10, 
    'PNT KTR PUSAT PTPN', 'PNT KTR PUSAT PTPN', NULL, NULL, 'AMP', 
    NULL, NULL);
Insert into PEKERJAAN
   (ID, KODE, NO_PERKIRAAN, NAMA, TANGGAL_RENCANA_PENGADAAN, 
    ANGGARAN, HPS, BOBOT_TEKNIS, BATAS_LULUS, STATUS_UMUM, 
    METODE_KONTRAK, STATUS_SELESAI, KLASIFIKASI_ID, BIDANG_ID, METODE_PENGADAAN_ID, 
    SATUAN_KERJA_ID, PENGGUNA_ANGGARAN_ID, PPK_ID, STATUS, TUJUAN_SURAT, 
    ALASAN_TIDAK_SETUJU, STATE, CREATED_AT, UPDATED_AT, STATUS_ELEKTRONIK, 
    LOKASI, SUMBER_DANA, NO_SURAT_PERINTAH, TAHUN, PPN, 
    CREATED_BY, UPDATED_BY, NOMOR, KODE_ULANG, IMPORT_FROM, 
    NOPO, TGLPO)
 Values
   (856, '76/pupuk/98', '-', 'PENGADAAN PUPUK ABC', TO_DATE('03/22/2016 00:00:00', 'MM/DD/YYYY HH24:MI:SS'), 
    5625000000000, 5625000000000, NULL, NULL, 0, 
    1, 0, 3, 3, 40, 
    1, 112, NULL, 1, 0, 
    NULL, 0, TO_DATE('03/22/2016 04:01:04', 'MM/DD/YYYY HH24:MI:SS'), TO_DATE('03/22/2016 04:29:56', 'MM/DD/YYYY HH24:MI:SS'), 0, 
    NULL, NULL, NULL, NULL, 10, 
    'PNT KTR PUSAT PTPN', 'PNT KTR PUSAT PTPN', NULL, NULL, 'AMP', 
    NULL, NULL);
Insert into PEKERJAAN
   (ID, KODE, NO_PERKIRAAN, NAMA, TANGGAL_RENCANA_PENGADAAN, 
    ANGGARAN, HPS, BOBOT_TEKNIS, BATAS_LULUS, STATUS_UMUM, 
    METODE_KONTRAK, STATUS_SELESAI, KLASIFIKASI_ID, BIDANG_ID, METODE_PENGADAAN_ID, 
    SATUAN_KERJA_ID, PENGGUNA_ANGGARAN_ID, PPK_ID, STATUS, TUJUAN_SURAT, 
    ALASAN_TIDAK_SETUJU, STATE, CREATED_AT, UPDATED_AT, STATUS_ELEKTRONIK, 
    LOKASI, SUMBER_DANA, NO_SURAT_PERINTAH, TAHUN, PPN, 
    CREATED_BY, UPDATED_BY, NOMOR, KODE_ULANG, IMPORT_FROM, 
    NOPO, TGLPO)
 Values
   (862, '5476/tyfgh/8769', '-', 'PENGADAAN BETON 23', TO_DATE('03/30/2016 00:00:00', 'MM/DD/YYYY HH24:MI:SS'), 
    17322847160000, 17322847160000, 50, 70, 0, 
    1, 0, 3, 3, 31, 
    1, 112, NULL, 1, 0, 
    NULL, 0, TO_DATE('03/30/2016 08:35:54', 'MM/DD/YYYY HH24:MI:SS'), TO_DATE('03/30/2016 11:42:00', 'MM/DD/YYYY HH24:MI:SS'), 0, 
    NULL, NULL, NULL, NULL, 10, 
    'PNT KTR PUSAT PTPN', 'PNT KTR PUSAT PTPN', NULL, NULL, 'AMP', 
    NULL, NULL);
Insert into PEKERJAAN
   (ID, KODE, NO_PERKIRAAN, NAMA, TANGGAL_RENCANA_PENGADAAN, 
    ANGGARAN, HPS, BOBOT_TEKNIS, BATAS_LULUS, STATUS_UMUM, 
    METODE_KONTRAK, STATUS_SELESAI, KLASIFIKASI_ID, BIDANG_ID, METODE_PENGADAAN_ID, 
    SATUAN_KERJA_ID, PENGGUNA_ANGGARAN_ID, PPK_ID, STATUS, TUJUAN_SURAT, 
    ALASAN_TIDAK_SETUJU, STATE, CREATED_AT, UPDATED_AT, STATUS_ELEKTRONIK, 
    LOKASI, SUMBER_DANA, NO_SURAT_PERINTAH, TAHUN, PPN, 
    CREATED_BY, UPDATED_BY, NOMOR, KODE_ULANG, IMPORT_FROM, 
    NOPO, TGLPO)
 Values
   (843, 'PBJ/03/2016/12/99/88/989', '-', 'PENGADAAN PUPUK KODE 99', TO_DATE('03/17/2016 00:00:00', 'MM/DD/YYYY HH24:MI:SS'), 
    100000000, 100000000, NULL, NULL, 0, 
    NULL, 0, NULL, NULL, NULL, 
    1, 112, NULL, 55, 0, 
    NULL, 0, TO_DATE('03/17/2016 04:23:17', 'MM/DD/YYYY HH24:MI:SS'), TO_DATE('03/17/2016 04:23:17', 'MM/DD/YYYY HH24:MI:SS'), 0, 
    NULL, NULL, NULL, 2016, 10, 
    'PNT KTR PUSAT PTPN', 'PNT KTR PUSAT PTPN', NULL, NULL, 'AMP', 
    NULL, NULL);
Insert into PEKERJAAN
   (ID, KODE, NO_PERKIRAAN, NAMA, TANGGAL_RENCANA_PENGADAAN, 
    ANGGARAN, HPS, BOBOT_TEKNIS, BATAS_LULUS, STATUS_UMUM, 
    METODE_KONTRAK, STATUS_SELESAI, KLASIFIKASI_ID, BIDANG_ID, METODE_PENGADAAN_ID, 
    SATUAN_KERJA_ID, PENGGUNA_ANGGARAN_ID, PPK_ID, STATUS, TUJUAN_SURAT, 
    ALASAN_TIDAK_SETUJU, STATE, CREATED_AT, UPDATED_AT, STATUS_ELEKTRONIK, 
    LOKASI, SUMBER_DANA, NO_SURAT_PERINTAH, TAHUN, PPN, 
    CREATED_BY, UPDATED_BY, NOMOR, KODE_ULANG, IMPORT_FROM, 
    NOPO, TGLPO)
 Values
   (848, '579/gula/39', '-', 'Pengadaan GULA AREN', TO_DATE('03/18/2016 00:00:00', 'MM/DD/YYYY HH24:MI:SS'), 
    15000000, 15000000, NULL, NULL, 0, 
    1, 0, 3, 3, 30, 
    1, 112, NULL, 1, 0, 
    NULL, 0, TO_DATE('03/18/2016 05:17:58', 'MM/DD/YYYY HH24:MI:SS'), TO_DATE('03/18/2016 11:07:08', 'MM/DD/YYYY HH24:MI:SS'), 0, 
    NULL, NULL, NULL, NULL, 10, 
    'PNT KTR PUSAT PTPN', 'PNT KTR PUSAT PTPN', NULL, NULL, 'AMP', 
    NULL, NULL);
Insert into PEKERJAAN
   (ID, KODE, NO_PERKIRAAN, NAMA, TANGGAL_RENCANA_PENGADAAN, 
    ANGGARAN, HPS, BOBOT_TEKNIS, BATAS_LULUS, STATUS_UMUM, 
    METODE_KONTRAK, STATUS_SELESAI, KLASIFIKASI_ID, BIDANG_ID, METODE_PENGADAAN_ID, 
    SATUAN_KERJA_ID, PENGGUNA_ANGGARAN_ID, PPK_ID, STATUS, TUJUAN_SURAT, 
    ALASAN_TIDAK_SETUJU, STATE, CREATED_AT, UPDATED_AT, STATUS_ELEKTRONIK, 
    LOKASI, SUMBER_DANA, NO_SURAT_PERINTAH, TAHUN, PPN, 
    CREATED_BY, UPDATED_BY, NOMOR, KODE_ULANG, IMPORT_FROM, 
    NOPO, TGLPO)
 Values
   (851, '11.2222.22.222', '-', 'Pengadaan Pupuk Urea 7', TO_DATE('03/18/2016 00:00:00', 'MM/DD/YYYY HH24:MI:SS'), 
    550000000, 550000000, NULL, NULL, 0, 
    1, 0, 3, 3, 40, 
    1, 112, NULL, 100, 0, 
    NULL, 0, TO_DATE('03/18/2016 10:43:38', 'MM/DD/YYYY HH24:MI:SS'), TO_DATE('03/18/2016 11:18:04', 'MM/DD/YYYY HH24:MI:SS'), 0, 
    NULL, NULL, NULL, NULL, 10, 
    'PNT KTR PUSAT PTPN', 'PNT KTR PUSAT PTPN', NULL, NULL, 'AMP', 
    NULL, NULL);
Insert into PEKERJAAN
   (ID, KODE, NO_PERKIRAAN, NAMA, TANGGAL_RENCANA_PENGADAAN, 
    ANGGARAN, HPS, BOBOT_TEKNIS, BATAS_LULUS, STATUS_UMUM, 
    METODE_KONTRAK, STATUS_SELESAI, KLASIFIKASI_ID, BIDANG_ID, METODE_PENGADAAN_ID, 
    SATUAN_KERJA_ID, PENGGUNA_ANGGARAN_ID, PPK_ID, STATUS, TUJUAN_SURAT, 
    ALASAN_TIDAK_SETUJU, STATE, CREATED_AT, UPDATED_AT, STATUS_ELEKTRONIK, 
    LOKASI, SUMBER_DANA, NO_SURAT_PERINTAH, TAHUN, PPN, 
    CREATED_BY, UPDATED_BY, NOMOR, KODE_ULANG, IMPORT_FROM, 
    NOPO, TGLPO)
 Values
   (857, '0003/Coba.NX/III/2016', '-', 'Pengadaan Pupuk Nitrogen Kantor Direksi', TO_DATE('03/22/2016 00:00:00', 'MM/DD/YYYY HH24:MI:SS'), 
    670000000, 670000000, NULL, NULL, 0, 
    1, 0, 3, 3, 44, 
    1, 112, NULL, 1, 0, 
    NULL, 0, TO_DATE('03/22/2016 04:06:03', 'MM/DD/YYYY HH24:MI:SS'), TO_DATE('03/22/2016 04:14:42', 'MM/DD/YYYY HH24:MI:SS'), 0, 
    NULL, NULL, NULL, NULL, 10, 
    'PNT KTR PUSAT PTPN', 'PNT KTR PUSAT PTPN', NULL, NULL, 'AMP', 
    NULL, NULL);
Insert into PEKERJAAN
   (ID, KODE, NO_PERKIRAAN, NAMA, TANGGAL_RENCANA_PENGADAAN, 
    ANGGARAN, HPS, BOBOT_TEKNIS, BATAS_LULUS, STATUS_UMUM, 
    METODE_KONTRAK, STATUS_SELESAI, KLASIFIKASI_ID, BIDANG_ID, METODE_PENGADAAN_ID, 
    SATUAN_KERJA_ID, PENGGUNA_ANGGARAN_ID, PPK_ID, STATUS, TUJUAN_SURAT, 
    ALASAN_TIDAK_SETUJU, STATE, CREATED_AT, UPDATED_AT, STATUS_ELEKTRONIK, 
    LOKASI, SUMBER_DANA, NO_SURAT_PERINTAH, TAHUN, PPN, 
    CREATED_BY, UPDATED_BY, NOMOR, KODE_ULANG, IMPORT_FROM, 
    NOPO, TGLPO)
 Values
   (860, '676/beton/5787', '-', 'PENGADAAN BETON 123', TO_DATE('03/30/2016 00:00:00', 'MM/DD/YYYY HH24:MI:SS'), 
    483600000, 483600000, NULL, NULL, 0, 
    NULL, 0, NULL, NULL, NULL, 
    1, 112, NULL, 55, 0, 
    NULL, 0, TO_DATE('03/30/2016 03:43:05', 'MM/DD/YYYY HH24:MI:SS'), TO_DATE('03/30/2016 03:43:05', 'MM/DD/YYYY HH24:MI:SS'), 0, 
    NULL, NULL, NULL, 2016, 10, 
    'PNT KTR PUSAT PTPN', 'PNT KTR PUSAT PTPN', NULL, NULL, 'AMP', 
    NULL, NULL);
Insert into PEKERJAAN
   (ID, KODE, NO_PERKIRAAN, NAMA, TANGGAL_RENCANA_PENGADAAN, 
    ANGGARAN, HPS, BOBOT_TEKNIS, BATAS_LULUS, STATUS_UMUM, 
    METODE_KONTRAK, STATUS_SELESAI, KLASIFIKASI_ID, BIDANG_ID, METODE_PENGADAAN_ID, 
    SATUAN_KERJA_ID, PENGGUNA_ANGGARAN_ID, PPK_ID, STATUS, TUJUAN_SURAT, 
    ALASAN_TIDAK_SETUJU, STATE, CREATED_AT, UPDATED_AT, STATUS_ELEKTRONIK, 
    LOKASI, SUMBER_DANA, NO_SURAT_PERINTAH, TAHUN, PPN, 
    CREATED_BY, UPDATED_BY, NOMOR, KODE_ULANG, IMPORT_FROM, 
    NOPO, TGLPO)
 Values
   (861, '587798/baja/6587', '-', 'PENGADAAN BETON 123', TO_DATE('03/30/2016 00:00:00', 'MM/DD/YYYY HH24:MI:SS'), 
    379890000, 379890000, 50, 70, 0, 
    1, 0, 3, 3, 31, 
    1, 112, NULL, 1, 0, 
    NULL, 0, TO_DATE('03/30/2016 04:36:13', 'MM/DD/YYYY HH24:MI:SS'), TO_DATE('03/30/2016 04:40:37', 'MM/DD/YYYY HH24:MI:SS'), 0, 
    NULL, NULL, NULL, NULL, 10, 
    'PNT KTR PUSAT PTPN', 'PNT KTR PUSAT PTPN', NULL, NULL, 'AMP', 
    NULL, NULL);
Insert into PEKERJAAN
   (ID, KODE, NO_PERKIRAAN, NAMA, TANGGAL_RENCANA_PENGADAAN, 
    ANGGARAN, HPS, BOBOT_TEKNIS, BATAS_LULUS, STATUS_UMUM, 
    METODE_KONTRAK, STATUS_SELESAI, KLASIFIKASI_ID, BIDANG_ID, METODE_PENGADAAN_ID, 
    SATUAN_KERJA_ID, PENGGUNA_ANGGARAN_ID, PPK_ID, STATUS, TUJUAN_SURAT, 
    ALASAN_TIDAK_SETUJU, STATE, CREATED_AT, UPDATED_AT, STATUS_ELEKTRONIK, 
    LOKASI, SUMBER_DANA, NO_SURAT_PERINTAH, TAHUN, PPN, 
    CREATED_BY, UPDATED_BY, NOMOR, KODE_ULANG, IMPORT_FROM, 
    NOPO, TGLPO)
 Values
   (865, '567587/pupuk/67578', '-', 'PENGADAAN PUPUK 111', TO_DATE('03/31/2016 00:00:00', 'MM/DD/YYYY HH24:MI:SS'), 
    25200000000, 25200000000, NULL, NULL, 0, 
    1, 0, 3, 3, 30, 
    1, 112, NULL, 1, 0, 
    NULL, 0, TO_DATE('03/31/2016 17:12:07', 'MM/DD/YYYY HH24:MI:SS'), TO_DATE('03/31/2016 17:14:34', 'MM/DD/YYYY HH24:MI:SS'), 0, 
    NULL, NULL, NULL, NULL, 10, 
    'PNT KTR PUSAT PTPN', 'PNT KTR PUSAT PTPN', NULL, NULL, 'AMP', 
    NULL, NULL);
Insert into PEKERJAAN
   (ID, KODE, NO_PERKIRAAN, NAMA, TANGGAL_RENCANA_PENGADAAN, 
    ANGGARAN, HPS, BOBOT_TEKNIS, BATAS_LULUS, STATUS_UMUM, 
    METODE_KONTRAK, STATUS_SELESAI, KLASIFIKASI_ID, BIDANG_ID, METODE_PENGADAAN_ID, 
    SATUAN_KERJA_ID, PENGGUNA_ANGGARAN_ID, PPK_ID, STATUS, TUJUAN_SURAT, 
    ALASAN_TIDAK_SETUJU, STATE, CREATED_AT, UPDATED_AT, STATUS_ELEKTRONIK, 
    LOKASI, SUMBER_DANA, NO_SURAT_PERINTAH, TAHUN, PPN, 
    CREATED_BY, UPDATED_BY, NOMOR, KODE_ULANG, IMPORT_FROM, 
    NOPO, TGLPO)
 Values
   (866, '8989', '-', 'MESIN HITUNG', TO_DATE('03/31/2016 00:00:00', 'MM/DD/YYYY HH24:MI:SS'), 
    275000000, 275000000, 80, 70, 0, 
    1, 0, 3, 3, 31, 
    1, 112, NULL, 1, 0, 
    NULL, 0, TO_DATE('03/31/2016 17:56:18', 'MM/DD/YYYY HH24:MI:SS'), TO_DATE('03/31/2016 18:05:15', 'MM/DD/YYYY HH24:MI:SS'), 0, 
    NULL, 'RKT 2016', NULL, NULL, 10, 
    'PNT KTR PUSAT PTPN', 'PNT KTR PUSAT PTPN', NULL, NULL, 'AMP', 
    NULL, NULL);
Insert into PEKERJAAN
   (ID, KODE, NO_PERKIRAAN, NAMA, TANGGAL_RENCANA_PENGADAAN, 
    ANGGARAN, HPS, BOBOT_TEKNIS, BATAS_LULUS, STATUS_UMUM, 
    METODE_KONTRAK, STATUS_SELESAI, KLASIFIKASI_ID, BIDANG_ID, METODE_PENGADAAN_ID, 
    SATUAN_KERJA_ID, PENGGUNA_ANGGARAN_ID, PPK_ID, STATUS, TUJUAN_SURAT, 
    ALASAN_TIDAK_SETUJU, STATE, CREATED_AT, UPDATED_AT, STATUS_ELEKTRONIK, 
    LOKASI, SUMBER_DANA, NO_SURAT_PERINTAH, TAHUN, PPN, 
    CREATED_BY, UPDATED_BY, NOMOR, KODE_ULANG, IMPORT_FROM, 
    NOPO, TGLPO)
 Values
   (847, '35467/pupuk/437', '-', 'PENGADAAN BRAND PUPUK', TO_DATE('03/17/2016 00:00:00', 'MM/DD/YYYY HH24:MI:SS'), 
    1198800000000, 1198800000000, NULL, NULL, 0, 
    1, 0, 5, 5, 44, 
    1, 112, NULL, 1, 0, 
    NULL, 0, TO_DATE('03/17/2016 06:30:01', 'MM/DD/YYYY HH24:MI:SS'), TO_DATE('03/17/2016 09:01:48', 'MM/DD/YYYY HH24:MI:SS'), 0, 
    NULL, NULL, NULL, NULL, 10, 
    'PNT KTR PUSAT PTPN', 'PNT KTR PUSAT PTPN', NULL, NULL, 'AMP', 
    NULL, NULL);
Insert into PEKERJAAN
   (ID, KODE, NO_PERKIRAAN, NAMA, TANGGAL_RENCANA_PENGADAAN, 
    ANGGARAN, HPS, BOBOT_TEKNIS, BATAS_LULUS, STATUS_UMUM, 
    METODE_KONTRAK, STATUS_SELESAI, KLASIFIKASI_ID, BIDANG_ID, METODE_PENGADAAN_ID, 
    SATUAN_KERJA_ID, PENGGUNA_ANGGARAN_ID, PPK_ID, STATUS, TUJUAN_SURAT, 
    ALASAN_TIDAK_SETUJU, STATE, CREATED_AT, UPDATED_AT, STATUS_ELEKTRONIK, 
    LOKASI, SUMBER_DANA, NO_SURAT_PERINTAH, TAHUN, PPN, 
    CREATED_BY, UPDATED_BY, NOMOR, KODE_ULANG, IMPORT_FROM, 
    NOPO, TGLPO)
 Values
   (849, 'LPE/T001', '-', 'Pengadaan Server Kantor 18mar16', TO_DATE('03/18/2016 00:00:00', 'MM/DD/YYYY HH24:MI:SS'), 
    400000000, 400000000, NULL, NULL, 0, 
    1, 0, 3, 1, 30, 
    1, 112, NULL, 1, 0, 
    NULL, 0, TO_DATE('03/18/2016 07:02:33', 'MM/DD/YYYY HH24:MI:SS'), TO_DATE('03/22/2016 05:37:50', 'MM/DD/YYYY HH24:MI:SS'), 0, 
    NULL, 'Anggaran 2016', NULL, NULL, 10, 
    'PNT KTR PUSAT PTPN', 'PNT KTR PUSAT PTPN', NULL, NULL, 'AMP', 
    NULL, NULL);
Insert into PEKERJAAN
   (ID, KODE, NO_PERKIRAAN, NAMA, TANGGAL_RENCANA_PENGADAAN, 
    ANGGARAN, HPS, BOBOT_TEKNIS, BATAS_LULUS, STATUS_UMUM, 
    METODE_KONTRAK, STATUS_SELESAI, KLASIFIKASI_ID, BIDANG_ID, METODE_PENGADAAN_ID, 
    SATUAN_KERJA_ID, PENGGUNA_ANGGARAN_ID, PPK_ID, STATUS, TUJUAN_SURAT, 
    ALASAN_TIDAK_SETUJU, STATE, CREATED_AT, UPDATED_AT, STATUS_ELEKTRONIK, 
    LOKASI, SUMBER_DANA, NO_SURAT_PERINTAH, TAHUN, PPN, 
    CREATED_BY, UPDATED_BY, NOMOR, KODE_ULANG, IMPORT_FROM, 
    NOPO, TGLPO)
 Values
   (850, '002/LPE', '-', 'Pengadaan Rantai Besi 18mar16', TO_DATE('03/18/2016 00:00:00', 'MM/DD/YYYY HH24:MI:SS'), 
    500000000, 500000000, NULL, NULL, 0, 
    1, 0, 3, 1, 44, 
    1, 112, NULL, 1, 0, 
    NULL, 0, TO_DATE('03/18/2016 07:31:01', 'MM/DD/YYYY HH24:MI:SS'), TO_DATE('03/18/2016 07:36:25', 'MM/DD/YYYY HH24:MI:SS'), 0, 
    NULL, 'Anggaran 2016', NULL, NULL, 10, 
    'PNT KTR PUSAT PTPN', 'PNT KTR PUSAT PTPN', NULL, NULL, 'AMP', 
    NULL, NULL);
Insert into PEKERJAAN
   (ID, KODE, NO_PERKIRAAN, NAMA, TANGGAL_RENCANA_PENGADAAN, 
    ANGGARAN, HPS, BOBOT_TEKNIS, BATAS_LULUS, STATUS_UMUM, 
    METODE_KONTRAK, STATUS_SELESAI, KLASIFIKASI_ID, BIDANG_ID, METODE_PENGADAAN_ID, 
    SATUAN_KERJA_ID, PENGGUNA_ANGGARAN_ID, PPK_ID, STATUS, TUJUAN_SURAT, 
    ALASAN_TIDAK_SETUJU, STATE, CREATED_AT, UPDATED_AT, STATUS_ELEKTRONIK, 
    LOKASI, SUMBER_DANA, NO_SURAT_PERINTAH, TAHUN, PPN, 
    CREATED_BY, UPDATED_BY, NOMOR, KODE_ULANG, IMPORT_FROM, 
    NOPO, TGLPO)
 Values
   (854, 'PBJ/03/2016', '-', 'PENGADAAN PUPUK KODE 100', TO_DATE('03/21/2016 00:00:00', 'MM/DD/YYYY HH24:MI:SS'), 
    100000000, 100000000, 75, 70, 0, 
    1, 0, 3, 3, 33, 
    27, 117, NULL, 55, 0, 
    NULL, 0, TO_DATE('03/21/2016 03:27:27', 'MM/DD/YYYY HH24:MI:SS'), TO_DATE('03/21/2016 03:28:34', 'MM/DD/YYYY HH24:MI:SS'), 0, 
    NULL, NULL, NULL, NULL, 10, 
    'Panitia 01', 'Panitia 01', NULL, NULL, 'AMP', 
    NULL, NULL);
Insert into PEKERJAAN
   (ID, KODE, NO_PERKIRAAN, NAMA, TANGGAL_RENCANA_PENGADAAN, 
    ANGGARAN, HPS, BOBOT_TEKNIS, BATAS_LULUS, STATUS_UMUM, 
    METODE_KONTRAK, STATUS_SELESAI, KLASIFIKASI_ID, BIDANG_ID, METODE_PENGADAAN_ID, 
    SATUAN_KERJA_ID, PENGGUNA_ANGGARAN_ID, PPK_ID, STATUS, TUJUAN_SURAT, 
    ALASAN_TIDAK_SETUJU, STATE, CREATED_AT, UPDATED_AT, STATUS_ELEKTRONIK, 
    LOKASI, SUMBER_DANA, NO_SURAT_PERINTAH, TAHUN, PPN, 
    CREATED_BY, UPDATED_BY, NOMOR, KODE_ULANG, IMPORT_FROM, 
    NOPO, TGLPO)
 Values
   (844, '8799/Pupuk/III/16', '-', 'Pengadaan Pupuk', TO_DATE('03/17/2016 00:00:00', 'MM/DD/YYYY HH24:MI:SS'), 
    10000000000, 10000000000, NULL, NULL, 0, 
    NULL, 0, NULL, NULL, NULL, 
    1, 108, NULL, 55, 0, 
    NULL, 0, TO_DATE('03/17/2016 04:35:10', 'MM/DD/YYYY HH24:MI:SS'), TO_DATE('03/17/2016 04:35:10', 'MM/DD/YYYY HH24:MI:SS'), 0, 
    NULL, NULL, NULL, 2016, 10, 
    'ekoprast', 'ekoprast', NULL, NULL, 'AMP', 
    NULL, NULL);
Insert into PEKERJAAN
   (ID, KODE, NO_PERKIRAAN, NAMA, TANGGAL_RENCANA_PENGADAAN, 
    ANGGARAN, HPS, BOBOT_TEKNIS, BATAS_LULUS, STATUS_UMUM, 
    METODE_KONTRAK, STATUS_SELESAI, KLASIFIKASI_ID, BIDANG_ID, METODE_PENGADAAN_ID, 
    SATUAN_KERJA_ID, PENGGUNA_ANGGARAN_ID, PPK_ID, STATUS, TUJUAN_SURAT, 
    ALASAN_TIDAK_SETUJU, STATE, CREATED_AT, UPDATED_AT, STATUS_ELEKTRONIK, 
    LOKASI, SUMBER_DANA, NO_SURAT_PERINTAH, TAHUN, PPN, 
    CREATED_BY, UPDATED_BY, NOMOR, KODE_ULANG, IMPORT_FROM, 
    NOPO, TGLPO)
 Values
   (845, '11.11.11.111', '-', 'Pengadaan Pupuk Urea', TO_DATE('03/17/2016 00:00:00', 'MM/DD/YYYY HH24:MI:SS'), 
    10000005000, 10000005000, NULL, NULL, 0, 
    2, 0, 3, 3, 43, 
    1, 108, NULL, 100, 0, 
    NULL, 0, TO_DATE('03/17/2016 04:39:38', 'MM/DD/YYYY HH24:MI:SS'), TO_DATE('03/17/2016 05:22:00', 'MM/DD/YYYY HH24:MI:SS'), 0, 
    NULL, NULL, NULL, NULL, 10, 
    'ekoprast', 'ekoprast', NULL, NULL, 'AMP', 
    NULL, NULL);
Insert into PEKERJAAN
   (ID, KODE, NO_PERKIRAAN, NAMA, TANGGAL_RENCANA_PENGADAAN, 
    ANGGARAN, HPS, BOBOT_TEKNIS, BATAS_LULUS, STATUS_UMUM, 
    METODE_KONTRAK, STATUS_SELESAI, KLASIFIKASI_ID, BIDANG_ID, METODE_PENGADAAN_ID, 
    SATUAN_KERJA_ID, PENGGUNA_ANGGARAN_ID, PPK_ID, STATUS, TUJUAN_SURAT, 
    ALASAN_TIDAK_SETUJU, STATE, CREATED_AT, UPDATED_AT, STATUS_ELEKTRONIK, 
    LOKASI, SUMBER_DANA, NO_SURAT_PERINTAH, TAHUN, PPN, 
    CREATED_BY, UPDATED_BY, NOMOR, KODE_ULANG, IMPORT_FROM, 
    NOPO, TGLPO)
 Values
   (846, '11.11.11.222', '-', 'Pengadaan Pupuk Urea TT', TO_DATE('03/17/2016 00:00:00', 'MM/DD/YYYY HH24:MI:SS'), 
    1000, 1000, NULL, NULL, 0, 
    NULL, 0, NULL, NULL, NULL, 
    1, 108, NULL, 55, 0, 
    NULL, 0, TO_DATE('03/17/2016 04:40:50', 'MM/DD/YYYY HH24:MI:SS'), TO_DATE('03/17/2016 04:40:50', 'MM/DD/YYYY HH24:MI:SS'), 0, 
    NULL, NULL, NULL, 2016, 10, 
    'ekoprast', 'ekoprast', NULL, NULL, 'AMP', 
    NULL, NULL);
Insert into PEKERJAAN
   (ID, KODE, NO_PERKIRAAN, NAMA, TANGGAL_RENCANA_PENGADAAN, 
    ANGGARAN, HPS, BOBOT_TEKNIS, BATAS_LULUS, STATUS_UMUM, 
    METODE_KONTRAK, STATUS_SELESAI, KLASIFIKASI_ID, BIDANG_ID, METODE_PENGADAAN_ID, 
    SATUAN_KERJA_ID, PENGGUNA_ANGGARAN_ID, PPK_ID, STATUS, TUJUAN_SURAT, 
    ALASAN_TIDAK_SETUJU, STATE, CREATED_AT, UPDATED_AT, STATUS_ELEKTRONIK, 
    LOKASI, SUMBER_DANA, NO_SURAT_PERINTAH, TAHUN, PPN, 
    CREATED_BY, UPDATED_BY, NOMOR, KODE_ULANG, IMPORT_FROM, 
    NOPO, TGLPO)
 Values
   (858, '7388/PMB/3/XVI/16', '-', 'Pengadaan Mobil', TO_DATE('03/22/2016 00:00:00', 'MM/DD/YYYY HH24:MI:SS'), 
    1000000000, 1000000000, 70, 80, 0, 
    1, 0, 3, 1, 41, 
    1, 112, NULL, 55, 0, 
    NULL, 0, TO_DATE('03/22/2016 08:39:27', 'MM/DD/YYYY HH24:MI:SS'), TO_DATE('03/22/2016 08:43:04', 'MM/DD/YYYY HH24:MI:SS'), 0, 
    NULL, NULL, NULL, NULL, 10, 
    'PNT KTR PUSAT PTPN', 'PNT KTR PUSAT PTPN', NULL, NULL, 'AMP', 
    NULL, NULL);
Insert into PEKERJAAN
   (ID, KODE, NO_PERKIRAAN, NAMA, TANGGAL_RENCANA_PENGADAAN, 
    ANGGARAN, HPS, BOBOT_TEKNIS, BATAS_LULUS, STATUS_UMUM, 
    METODE_KONTRAK, STATUS_SELESAI, KLASIFIKASI_ID, BIDANG_ID, METODE_PENGADAAN_ID, 
    SATUAN_KERJA_ID, PENGGUNA_ANGGARAN_ID, PPK_ID, STATUS, TUJUAN_SURAT, 
    ALASAN_TIDAK_SETUJU, STATE, CREATED_AT, UPDATED_AT, STATUS_ELEKTRONIK, 
    LOKASI, SUMBER_DANA, NO_SURAT_PERINTAH, TAHUN, PPN, 
    CREATED_BY, UPDATED_BY, NOMOR, KODE_ULANG, IMPORT_FROM, 
    NOPO, TGLPO)
 Values
   (859, 'TP01-160328', '-', 'Testing - Pengadaan Rantai Besi', TO_DATE('03/28/2016 00:00:00', 'MM/DD/YYYY HH24:MI:SS'), 
    900000000, 900000000, 80, 75, 0, 
    1, 0, 3, 1, 31, 
    1, 112, NULL, 100, 0, 
    NULL, 0, TO_DATE('03/28/2016 04:04:37', 'MM/DD/YYYY HH24:MI:SS'), TO_DATE('03/28/2016 08:54:25', 'MM/DD/YYYY HH24:MI:SS'), 0, 
    NULL, 'Anggaran 2016', NULL, NULL, 10, 
    'PNT KTR PUSAT PTPN', 'PNT KTR PUSAT PTPN', NULL, NULL, 'AMP', 
    NULL, NULL);
Insert into PEKERJAAN
   (ID, KODE, NO_PERKIRAAN, NAMA, TANGGAL_RENCANA_PENGADAAN, 
    ANGGARAN, HPS, BOBOT_TEKNIS, BATAS_LULUS, STATUS_UMUM, 
    METODE_KONTRAK, STATUS_SELESAI, KLASIFIKASI_ID, BIDANG_ID, METODE_PENGADAAN_ID, 
    SATUAN_KERJA_ID, PENGGUNA_ANGGARAN_ID, PPK_ID, STATUS, TUJUAN_SURAT, 
    ALASAN_TIDAK_SETUJU, STATE, CREATED_AT, UPDATED_AT, STATUS_ELEKTRONIK, 
    LOKASI, SUMBER_DANA, NO_SURAT_PERINTAH, TAHUN, PPN, 
    CREATED_BY, UPDATED_BY, NOMOR, KODE_ULANG, IMPORT_FROM, 
    NOPO, TGLPO)
 Values
   (863, '322.PKT/060/TP147/2016', '-', 'PENGADAAN TESTING BARU', TO_DATE('03/31/2016 00:00:00', 'MM/DD/YYYY HH24:MI:SS'), 
    167542848, 167542848, NULL, NULL, 0, 
    NULL, 0, NULL, NULL, NULL, 
    1, 112, NULL, 55, 0, 
    NULL, 0, TO_DATE('03/31/2016 05:18:56', 'MM/DD/YYYY HH24:MI:SS'), TO_DATE('03/31/2016 05:19:00', 'MM/DD/YYYY HH24:MI:SS'), 0, 
    NULL, NULL, NULL, 2016, 10, 
    'PNT KTR PUSAT PTPN', 'PNT KTR PUSAT PTPN', 322, NULL, 'AMP', 
    NULL, NULL);
Insert into PEKERJAAN
   (ID, KODE, NO_PERKIRAAN, NAMA, TANGGAL_RENCANA_PENGADAAN, 
    ANGGARAN, HPS, BOBOT_TEKNIS, BATAS_LULUS, STATUS_UMUM, 
    METODE_KONTRAK, STATUS_SELESAI, KLASIFIKASI_ID, BIDANG_ID, METODE_PENGADAAN_ID, 
    SATUAN_KERJA_ID, PENGGUNA_ANGGARAN_ID, PPK_ID, STATUS, TUJUAN_SURAT, 
    ALASAN_TIDAK_SETUJU, STATE, CREATED_AT, UPDATED_AT, STATUS_ELEKTRONIK, 
    LOKASI, SUMBER_DANA, NO_SURAT_PERINTAH, TAHUN, PPN, 
    CREATED_BY, UPDATED_BY, NOMOR, KODE_ULANG, IMPORT_FROM, 
    NOPO, TGLPO)
 Values
   (864, '0004/Coba.NX/III/2016', '-', 'Pembangunan Pabrik SATU', TO_DATE('03/31/2016 00:00:00', 'MM/DD/YYYY HH24:MI:SS'), 
    3000000000, 3000000000, NULL, NULL, 0, 
    1, 0, 4, 2, 43, 
    1, 112, NULL, 55, 0, 
    NULL, 0, TO_DATE('03/31/2016 03:33:10', 'MM/DD/YYYY HH24:MI:SS'), TO_DATE('03/31/2016 03:39:06', 'MM/DD/YYYY HH24:MI:SS'), 0, 
    NULL, NULL, NULL, NULL, 10, 
    'PNT KTR PUSAT PTPN', 'PNT KTR PUSAT PTPN', NULL, NULL, 'AMP', 
    NULL, NULL);
COMMIT;

SET DEFINE OFF;
Insert into PEKERJAAN_PEMENANG
   (PEKERJAAN_ID, PENAWARAN_ID, NOMOR_PP, TANGGAL_PP, NOMOR_KONTRAK, 
    TANGGAL_PENGESAHAN_KONTRAK, TANGGAL_SELESAI_KONTRAK, STATE, ADENDUM_HARI, CREATED_AT, 
    UPDATED_AT)
 Values
   (851, 363, NULL, NULL, NULL, 
    NULL, NULL, NULL, NULL, TO_DATE('03/18/2016 11:09:25', 'MM/DD/YYYY HH24:MI:SS'), 
    TO_DATE('03/18/2016 11:09:25', 'MM/DD/YYYY HH24:MI:SS'));
Insert into PEKERJAAN_PEMENANG
   (PEKERJAAN_ID, PENAWARAN_ID, NOMOR_PP, TANGGAL_PP, NOMOR_KONTRAK, 
    TANGGAL_PENGESAHAN_KONTRAK, TANGGAL_SELESAI_KONTRAK, STATE, ADENDUM_HARI, CREATED_AT, 
    UPDATED_AT)
 Values
   (845, 348, NULL, NULL, NULL, 
    NULL, NULL, NULL, NULL, TO_DATE('03/17/2016 05:18:28', 'MM/DD/YYYY HH24:MI:SS'), 
    TO_DATE('03/17/2016 05:18:28', 'MM/DD/YYYY HH24:MI:SS'));
COMMIT;

SET DEFINE OFF;
Insert into PEKERJAAN_RINCIAN
   (ID, TIPE, NAMA, VOLUME, VOLUME_REALISASI, 
    SATUAN, PEKERJAAN_ID, PAJAK, PAJAK_BM, HARGA_SATUAN, 
    HARGA_SATUAN_OE, STATE, CREATED_AT, UPDATED_AT, SPESIFIKASI, 
    SPESIFIKASI2, NOUPB, NOSDKAL, NOHPS, KODEDISTRIK, 
    KODEBARANG, NOREQ, STOCKCODE, TIPEREQ, NOWO, 
    WODESC, PERUNTUKAN, DSRUSULAN, TGLREQ, TGLKEBUTUHAN, 
    KODE_ANGGARAN, CREATED_BY, UPDATED_BY, SUBNOHPS, IDTAMPIL, 
    PREQ_NO, PREQ_ITEM_NO)
 Values
   (724, 1, 'pupuk 123', 89698, 0, 
    'ton', 852, 0, 0, 1000000000, 
    1000000000, NULL, TO_DATE('03/18/2016 11:12:08', 'MM/DD/YYYY HH24:MI:SS'), TO_DATE('03/18/2016 11:12:08', 'MM/DD/YYYY HH24:MI:SS'), NULL, 
    NULL, NULL, NULL, '6759', 'KD01', 
    NULL, NULL, '8698', 'PR', NULL, 
    NULL, NULL, NULL, TO_DATE('03/18/2016 00:00:00', 'MM/DD/YYYY HH24:MI:SS'), TO_DATE('03/18/2016 00:00:00', 'MM/DD/YYYY HH24:MI:SS'), 
    NULL, 'PNT KTR PUSAT PTPN', 'PNT KTR PUSAT PTPN', NULL, 0, 
    NULL, NULL);
Insert into PEKERJAAN_RINCIAN
   (ID, TIPE, NAMA, VOLUME, VOLUME_REALISASI, 
    SATUAN, PEKERJAAN_ID, PAJAK, PAJAK_BM, HARGA_SATUAN, 
    HARGA_SATUAN_OE, STATE, CREATED_AT, UPDATED_AT, SPESIFIKASI, 
    SPESIFIKASI2, NOUPB, NOSDKAL, NOHPS, KODEDISTRIK, 
    KODEBARANG, NOREQ, STOCKCODE, TIPEREQ, NOWO, 
    WODESC, PERUNTUKAN, DSRUSULAN, TGLREQ, TGLKEBUTUHAN, 
    KODE_ANGGARAN, CREATED_BY, UPDATED_BY, SUBNOHPS, IDTAMPIL, 
    PREQ_NO, PREQ_ITEM_NO)
 Values
   (725, 1, 'PUPUK TIPE 98', 1, 0, 
    'TON', 853, 0, 0, 100000000, 
    100000000, NULL, TO_DATE('03/21/2016 02:58:59', 'MM/DD/YYYY HH24:MI:SS'), TO_DATE('03/21/2016 02:58:59', 'MM/DD/YYYY HH24:MI:SS'), NULL, 
    NULL, NULL, NULL, '123', 'KP01', 
    NULL, NULL, '123', 'PR', NULL, 
    NULL, NULL, NULL, TO_DATE('03/21/2016 00:00:00', 'MM/DD/YYYY HH24:MI:SS'), TO_DATE('03/21/2016 00:00:00', 'MM/DD/YYYY HH24:MI:SS'), 
    NULL, 'Panitia 01', 'Panitia 01', NULL, 0, 
    NULL, NULL);
Insert into PEKERJAAN_RINCIAN
   (ID, TIPE, NAMA, VOLUME, VOLUME_REALISASI, 
    SATUAN, PEKERJAAN_ID, PAJAK, PAJAK_BM, HARGA_SATUAN, 
    HARGA_SATUAN_OE, STATE, CREATED_AT, UPDATED_AT, SPESIFIKASI, 
    SPESIFIKASI2, NOUPB, NOSDKAL, NOHPS, KODEDISTRIK, 
    KODEBARANG, NOREQ, STOCKCODE, TIPEREQ, NOWO, 
    WODESC, PERUNTUKAN, DSRUSULAN, TGLREQ, TGLKEBUTUHAN, 
    KODE_ANGGARAN, CREATED_BY, UPDATED_BY, SUBNOHPS, IDTAMPIL, 
    PREQ_NO, PREQ_ITEM_NO)
 Values
   (727, 1, 'Pembangunan Gedung Baru', 1, 0, 
    'unit', 855, 0, 0, 450000000, 
    450000000, NULL, TO_DATE('03/21/2016 12:26:31', 'MM/DD/YYYY HH24:MI:SS'), TO_DATE('03/21/2016 12:26:31', 'MM/DD/YYYY HH24:MI:SS'), NULL, 
    NULL, NULL, NULL, '78588', 'KD01', 
    NULL, NULL, '243', 'PR', NULL, 
    NULL, NULL, NULL, TO_DATE('03/21/2016 00:00:00', 'MM/DD/YYYY HH24:MI:SS'), TO_DATE('03/21/2016 00:00:00', 'MM/DD/YYYY HH24:MI:SS'), 
    NULL, 'PNT KTR PUSAT PTPN', 'PNT KTR PUSAT PTPN', NULL, 0, 
    NULL, NULL);
Insert into PEKERJAAN_RINCIAN
   (ID, TIPE, NAMA, VOLUME, VOLUME_REALISASI, 
    SATUAN, PEKERJAAN_ID, PAJAK, PAJAK_BM, HARGA_SATUAN, 
    HARGA_SATUAN_OE, STATE, CREATED_AT, UPDATED_AT, SPESIFIKASI, 
    SPESIFIKASI2, NOUPB, NOSDKAL, NOHPS, KODEDISTRIK, 
    KODEBARANG, NOREQ, STOCKCODE, TIPEREQ, NOWO, 
    WODESC, PERUNTUKAN, DSRUSULAN, TGLREQ, TGLKEBUTUHAN, 
    KODE_ANGGARAN, CREATED_BY, UPDATED_BY, SUBNOHPS, IDTAMPIL, 
    PREQ_NO, PREQ_ITEM_NO)
 Values
   (728, 1, 'pupuk abc', 75, 0, 
    'ton', 856, 0, 0, 75000000000, 
    75000000000, NULL, TO_DATE('03/22/2016 04:01:04', 'MM/DD/YYYY HH24:MI:SS'), TO_DATE('03/22/2016 04:01:04', 'MM/DD/YYYY HH24:MI:SS'), NULL, 
    NULL, NULL, NULL, '799', 'KD01', 
    NULL, NULL, '6476', 'PR', NULL, 
    NULL, NULL, NULL, TO_DATE('03/22/2016 00:00:00', 'MM/DD/YYYY HH24:MI:SS'), TO_DATE('03/22/2016 00:00:00', 'MM/DD/YYYY HH24:MI:SS'), 
    NULL, 'PNT KTR PUSAT PTPN', 'PNT KTR PUSAT PTPN', NULL, 0, 
    NULL, NULL);
Insert into PEKERJAAN_RINCIAN
   (ID, TIPE, NAMA, VOLUME, VOLUME_REALISASI, 
    SATUAN, PEKERJAAN_ID, PAJAK, PAJAK_BM, HARGA_SATUAN, 
    HARGA_SATUAN_OE, STATE, CREATED_AT, UPDATED_AT, SPESIFIKASI, 
    SPESIFIKASI2, NOUPB, NOSDKAL, NOHPS, KODEDISTRIK, 
    KODEBARANG, NOREQ, STOCKCODE, TIPEREQ, NOWO, 
    WODESC, PERUNTUKAN, DSRUSULAN, TGLREQ, TGLKEBUTUHAN, 
    KODE_ANGGARAN, CREATED_BY, UPDATED_BY, SUBNOHPS, IDTAMPIL, 
    PREQ_NO, PREQ_ITEM_NO)
 Values
   (735, 1, 'phghg', 67546, 0, 
    'ton', 862, 0, 0, 256460000, 
    256460000, NULL, TO_DATE('03/30/2016 08:35:54', 'MM/DD/YYYY HH24:MI:SS'), TO_DATE('03/30/2016 08:35:54', 'MM/DD/YYYY HH24:MI:SS'), NULL, 
    NULL, NULL, NULL, '5859', 'KD01', 
    NULL, NULL, '796976', 'PR', NULL, 
    NULL, NULL, NULL, TO_DATE('03/30/2016 00:00:00', 'MM/DD/YYYY HH24:MI:SS'), TO_DATE('03/30/2016 00:00:00', 'MM/DD/YYYY HH24:MI:SS'), 
    NULL, 'PNT KTR PUSAT PTPN', 'PNT KTR PUSAT PTPN', NULL, 0, 
    NULL, NULL);
Insert into PEKERJAAN_RINCIAN
   (ID, TIPE, NAMA, VOLUME, VOLUME_REALISASI, 
    SATUAN, PEKERJAAN_ID, PAJAK, PAJAK_BM, HARGA_SATUAN, 
    HARGA_SATUAN_OE, STATE, CREATED_AT, UPDATED_AT, SPESIFIKASI, 
    SPESIFIKASI2, NOUPB, NOSDKAL, NOHPS, KODEDISTRIK, 
    KODEBARANG, NOREQ, STOCKCODE, TIPEREQ, NOWO, 
    WODESC, PERUNTUKAN, DSRUSULAN, TGLREQ, TGLKEBUTUHAN, 
    KODE_ANGGARAN, CREATED_BY, UPDATED_BY, SUBNOHPS, IDTAMPIL, 
    PREQ_NO, PREQ_ITEM_NO)
 Values
   (723, 1, 'Pupuk Urea', 100, 0, 
    'Ton', 851, 0, 0, 5500000, 
    5500000, NULL, TO_DATE('03/18/2016 10:43:39', 'MM/DD/YYYY HH24:MI:SS'), TO_DATE('03/18/2016 10:43:39', 'MM/DD/YYYY HH24:MI:SS'), NULL, 
    NULL, NULL, NULL, '65385', 'KD01', 
    NULL, NULL, '3646', 'PR', NULL, 
    NULL, NULL, NULL, TO_DATE('03/18/2016 00:00:00', 'MM/DD/YYYY HH24:MI:SS'), TO_DATE('03/18/2016 00:00:00', 'MM/DD/YYYY HH24:MI:SS'), 
    NULL, 'PNT KTR PUSAT PTPN', 'PNT KTR PUSAT PTPN', NULL, 0, 
    NULL, NULL);
Insert into PEKERJAAN_RINCIAN
   (ID, TIPE, NAMA, VOLUME, VOLUME_REALISASI, 
    SATUAN, PEKERJAAN_ID, PAJAK, PAJAK_BM, HARGA_SATUAN, 
    HARGA_SATUAN_OE, STATE, CREATED_AT, UPDATED_AT, SPESIFIKASI, 
    SPESIFIKASI2, NOUPB, NOSDKAL, NOHPS, KODEDISTRIK, 
    KODEBARANG, NOREQ, STOCKCODE, TIPEREQ, NOWO, 
    WODESC, PERUNTUKAN, DSRUSULAN, TGLREQ, TGLKEBUTUHAN, 
    KODE_ANGGARAN, CREATED_BY, UPDATED_BY, SUBNOHPS, IDTAMPIL, 
    PREQ_NO, PREQ_ITEM_NO)
 Values
   (729, 1, 'pupuk nitrogen', 100, 0, 
    'kuintal', 857, 0, 0, 4450000, 
    4450000, NULL, TO_DATE('03/22/2016 04:06:03', 'MM/DD/YYYY HH24:MI:SS'), TO_DATE('03/22/2016 04:06:03', 'MM/DD/YYYY HH24:MI:SS'), NULL, 
    NULL, NULL, NULL, 'WBS0001', 'KD01', 
    NULL, NULL, '1', 'PR', NULL, 
    NULL, NULL, NULL, TO_DATE('03/22/2016 00:00:00', 'MM/DD/YYYY HH24:MI:SS'), TO_DATE('03/22/2016 00:00:00', 'MM/DD/YYYY HH24:MI:SS'), 
    NULL, 'PNT KTR PUSAT PTPN', 'PNT KTR PUSAT PTPN', NULL, 0, 
    NULL, NULL);
Insert into PEKERJAAN_RINCIAN
   (ID, TIPE, NAMA, VOLUME, VOLUME_REALISASI, 
    SATUAN, PEKERJAAN_ID, PAJAK, PAJAK_BM, HARGA_SATUAN, 
    HARGA_SATUAN_OE, STATE, CREATED_AT, UPDATED_AT, SPESIFIKASI, 
    SPESIFIKASI2, NOUPB, NOSDKAL, NOHPS, KODEDISTRIK, 
    KODEBARANG, NOREQ, STOCKCODE, TIPEREQ, NOWO, 
    WODESC, PERUNTUKAN, DSRUSULAN, TGLREQ, TGLKEBUTUHAN, 
    KODE_ANGGARAN, CREATED_BY, UPDATED_BY, SUBNOHPS, IDTAMPIL, 
    PREQ_NO, PREQ_ITEM_NO)
 Values
   (730, 1, 'pupuk nitrogen', 50, 0, 
    'kuintal', 857, 0, 0, 4500000, 
    4500000, NULL, TO_DATE('03/22/2016 04:06:03', 'MM/DD/YYYY HH24:MI:SS'), TO_DATE('03/22/2016 04:06:03', 'MM/DD/YYYY HH24:MI:SS'), NULL, 
    NULL, NULL, NULL, 'WBS0002', 'KD01', 
    NULL, NULL, '1', 'PR', NULL, 
    NULL, NULL, NULL, TO_DATE('03/22/2016 00:00:00', 'MM/DD/YYYY HH24:MI:SS'), TO_DATE('03/22/2016 00:00:00', 'MM/DD/YYYY HH24:MI:SS'), 
    NULL, 'PNT KTR PUSAT PTPN', 'PNT KTR PUSAT PTPN', NULL, 1, 
    NULL, NULL);
Insert into PEKERJAAN_RINCIAN
   (ID, TIPE, NAMA, VOLUME, VOLUME_REALISASI, 
    SATUAN, PEKERJAAN_ID, PAJAK, PAJAK_BM, HARGA_SATUAN, 
    HARGA_SATUAN_OE, STATE, CREATED_AT, UPDATED_AT, SPESIFIKASI, 
    SPESIFIKASI2, NOUPB, NOSDKAL, NOHPS, KODEDISTRIK, 
    KODEBARANG, NOREQ, STOCKCODE, TIPEREQ, NOWO, 
    WODESC, PERUNTUKAN, DSRUSULAN, TGLREQ, TGLKEBUTUHAN, 
    KODE_ANGGARAN, CREATED_BY, UPDATED_BY, SUBNOHPS, IDTAMPIL, 
    PREQ_NO, PREQ_ITEM_NO)
 Values
   (733, 1, 'pengadaan beton', 31, 0, 
    'ton', 860, 0, 0, 15600000, 
    15600000, NULL, TO_DATE('03/30/2016 03:43:05', 'MM/DD/YYYY HH24:MI:SS'), TO_DATE('03/30/2016 03:43:05', 'MM/DD/YYYY HH24:MI:SS'), NULL, 
    NULL, NULL, NULL, '86989', 'KD01', 
    NULL, NULL, '707', 'PR', NULL, 
    NULL, NULL, NULL, TO_DATE('03/30/2016 00:00:00', 'MM/DD/YYYY HH24:MI:SS'), TO_DATE('03/30/2016 00:00:00', 'MM/DD/YYYY HH24:MI:SS'), 
    NULL, 'PNT KTR PUSAT PTPN', 'PNT KTR PUSAT PTPN', NULL, 0, 
    NULL, NULL);
Insert into PEKERJAAN_RINCIAN
   (ID, TIPE, NAMA, VOLUME, VOLUME_REALISASI, 
    SATUAN, PEKERJAAN_ID, PAJAK, PAJAK_BM, HARGA_SATUAN, 
    HARGA_SATUAN_OE, STATE, CREATED_AT, UPDATED_AT, SPESIFIKASI, 
    SPESIFIKASI2, NOUPB, NOSDKAL, NOHPS, KODEDISTRIK, 
    KODEBARANG, NOREQ, STOCKCODE, TIPEREQ, NOWO, 
    WODESC, PERUNTUKAN, DSRUSULAN, TGLREQ, TGLKEBUTUHAN, 
    KODE_ANGGARAN, CREATED_BY, UPDATED_BY, SUBNOHPS, IDTAMPIL, 
    PREQ_NO, PREQ_ITEM_NO)
 Values
   (734, 1, 'baja beton', 67, 0, 
    'ton', 861, 0, 0, 5670000, 
    5670000, NULL, TO_DATE('03/30/2016 04:36:13', 'MM/DD/YYYY HH24:MI:SS'), TO_DATE('03/30/2016 04:36:13', 'MM/DD/YYYY HH24:MI:SS'), NULL, 
    NULL, NULL, NULL, '89798', 'KD01', 
    NULL, NULL, '8968', 'PR', NULL, 
    NULL, NULL, NULL, TO_DATE('03/30/2016 00:00:00', 'MM/DD/YYYY HH24:MI:SS'), TO_DATE('03/30/2016 00:00:00', 'MM/DD/YYYY HH24:MI:SS'), 
    NULL, 'PNT KTR PUSAT PTPN', 'PNT KTR PUSAT PTPN', NULL, 0, 
    NULL, NULL);
Insert into PEKERJAAN_RINCIAN
   (ID, TIPE, NAMA, VOLUME, VOLUME_REALISASI, 
    SATUAN, PEKERJAAN_ID, PAJAK, PAJAK_BM, HARGA_SATUAN, 
    HARGA_SATUAN_OE, STATE, CREATED_AT, UPDATED_AT, SPESIFIKASI, 
    SPESIFIKASI2, NOUPB, NOSDKAL, NOHPS, KODEDISTRIK, 
    KODEBARANG, NOREQ, STOCKCODE, TIPEREQ, NOWO, 
    WODESC, PERUNTUKAN, DSRUSULAN, TGLREQ, TGLKEBUTUHAN, 
    KODE_ANGGARAN, CREATED_BY, UPDATED_BY, SUBNOHPS, IDTAMPIL, 
    PREQ_NO, PREQ_ITEM_NO)
 Values
   (738, 1, 'puouk kompos', 56, 0, 
    'ton', 865, 0, 0, 450000000, 
    450000000, NULL, TO_DATE('03/31/2016 17:12:07', 'MM/DD/YYYY HH24:MI:SS'), TO_DATE('03/31/2016 17:12:07', 'MM/DD/YYYY HH24:MI:SS'), NULL, 
    NULL, NULL, NULL, '776875', 'KD01', 
    NULL, NULL, '759876', 'PR', NULL, 
    NULL, NULL, NULL, TO_DATE('03/31/2016 00:00:00', 'MM/DD/YYYY HH24:MI:SS'), TO_DATE('03/31/2016 00:00:00', 'MM/DD/YYYY HH24:MI:SS'), 
    NULL, 'PNT KTR PUSAT PTPN', 'PNT KTR PUSAT PTPN', NULL, 0, 
    NULL, NULL);
Insert into PEKERJAAN_RINCIAN
   (ID, TIPE, NAMA, VOLUME, VOLUME_REALISASI, 
    SATUAN, PEKERJAAN_ID, PAJAK, PAJAK_BM, HARGA_SATUAN, 
    HARGA_SATUAN_OE, STATE, CREATED_AT, UPDATED_AT, SPESIFIKASI, 
    SPESIFIKASI2, NOUPB, NOSDKAL, NOHPS, KODEDISTRIK, 
    KODEBARANG, NOREQ, STOCKCODE, TIPEREQ, NOWO, 
    WODESC, PERUNTUKAN, DSRUSULAN, TGLREQ, TGLKEBUTUHAN, 
    KODE_ANGGARAN, CREATED_BY, UPDATED_BY, SUBNOHPS, IDTAMPIL, 
    PREQ_NO, PREQ_ITEM_NO)
 Values
   (739, 1, 'MESIN HITUNG', 5, 0, 
    'unit', 866, 0, 0, 55000000, 
    55000000, NULL, TO_DATE('03/31/2016 17:56:19', 'MM/DD/YYYY HH24:MI:SS'), TO_DATE('03/31/2016 17:56:19', 'MM/DD/YYYY HH24:MI:SS'), NULL, 
    NULL, NULL, NULL, '344', 'PJB2', 
    NULL, NULL, '89798', 'PR', NULL, 
    NULL, NULL, NULL, TO_DATE('03/31/2016 00:00:00', 'MM/DD/YYYY HH24:MI:SS'), TO_DATE('03/31/2016 00:00:00', 'MM/DD/YYYY HH24:MI:SS'), 
    NULL, 'PNT KTR PUSAT PTPN', 'PNT KTR PUSAT PTPN', NULL, 0, 
    NULL, NULL);
Insert into PEKERJAAN_RINCIAN
   (ID, TIPE, NAMA, VOLUME, VOLUME_REALISASI, 
    SATUAN, PEKERJAAN_ID, PAJAK, PAJAK_BM, HARGA_SATUAN, 
    HARGA_SATUAN_OE, STATE, CREATED_AT, UPDATED_AT, SPESIFIKASI, 
    SPESIFIKASI2, NOUPB, NOSDKAL, NOHPS, KODEDISTRIK, 
    KODEBARANG, NOREQ, STOCKCODE, TIPEREQ, NOWO, 
    WODESC, PERUNTUKAN, DSRUSULAN, TGLREQ, TGLKEBUTUHAN, 
    KODE_ANGGARAN, CREATED_BY, UPDATED_BY, SUBNOHPS, IDTAMPIL, 
    PREQ_NO, PREQ_ITEM_NO)
 Values
   (714, 1, 'PUPUK TIPE 98', 1, 0, 
    'TON', 843, 0, 0, 100000000, 
    100000000, NULL, TO_DATE('03/17/2016 04:23:17', 'MM/DD/YYYY HH24:MI:SS'), TO_DATE('03/17/2016 04:23:17', 'MM/DD/YYYY HH24:MI:SS'), NULL, 
    NULL, NULL, NULL, '123', 'KD01', 
    NULL, NULL, '123', 'PR', NULL, 
    NULL, NULL, NULL, TO_DATE('03/17/2016 00:00:00', 'MM/DD/YYYY HH24:MI:SS'), TO_DATE('03/17/2016 00:00:00', 'MM/DD/YYYY HH24:MI:SS'), 
    NULL, 'PNT KTR PUSAT PTPN', 'PNT KTR PUSAT PTPN', NULL, 0, 
    NULL, NULL);
Insert into PEKERJAAN_RINCIAN
   (ID, TIPE, NAMA, VOLUME, VOLUME_REALISASI, 
    SATUAN, PEKERJAAN_ID, PAJAK, PAJAK_BM, HARGA_SATUAN, 
    HARGA_SATUAN_OE, STATE, CREATED_AT, UPDATED_AT, SPESIFIKASI, 
    SPESIFIKASI2, NOUPB, NOSDKAL, NOHPS, KODEDISTRIK, 
    KODEBARANG, NOREQ, STOCKCODE, TIPEREQ, NOWO, 
    WODESC, PERUNTUKAN, DSRUSULAN, TGLREQ, TGLKEBUTUHAN, 
    KODE_ANGGARAN, CREATED_BY, UPDATED_BY, SUBNOHPS, IDTAMPIL, 
    PREQ_NO, PREQ_ITEM_NO)
 Values
   (720, 1, 'gula jawa', 10, 0, 
    'Kg', 848, 0, 0, 1500000, 
    1500000, NULL, TO_DATE('03/18/2016 05:17:58', 'MM/DD/YYYY HH24:MI:SS'), TO_DATE('03/18/2016 05:17:58', 'MM/DD/YYYY HH24:MI:SS'), NULL, 
    NULL, NULL, NULL, '5638563', 'KD01', 
    NULL, NULL, '6478', 'PR', NULL, 
    NULL, NULL, NULL, TO_DATE('03/18/2016 00:00:00', 'MM/DD/YYYY HH24:MI:SS'), TO_DATE('03/18/2016 00:00:00', 'MM/DD/YYYY HH24:MI:SS'), 
    NULL, 'PNT KTR PUSAT PTPN', 'PNT KTR PUSAT PTPN', NULL, 0, 
    NULL, NULL);
Insert into PEKERJAAN_RINCIAN
   (ID, TIPE, NAMA, VOLUME, VOLUME_REALISASI, 
    SATUAN, PEKERJAAN_ID, PAJAK, PAJAK_BM, HARGA_SATUAN, 
    HARGA_SATUAN_OE, STATE, CREATED_AT, UPDATED_AT, SPESIFIKASI, 
    SPESIFIKASI2, NOUPB, NOSDKAL, NOHPS, KODEDISTRIK, 
    KODEBARANG, NOREQ, STOCKCODE, TIPEREQ, NOWO, 
    WODESC, PERUNTUKAN, DSRUSULAN, TGLREQ, TGLKEBUTUHAN, 
    KODE_ANGGARAN, CREATED_BY, UPDATED_BY, SUBNOHPS, IDTAMPIL, 
    PREQ_NO, PREQ_ITEM_NO)
 Values
   (719, 1, 'pupuk NH', 222, 0, 
    'ton', 847, 0, 0, 5400000000, 
    5400000000, NULL, TO_DATE('03/17/2016 06:30:01', 'MM/DD/YYYY HH24:MI:SS'), TO_DATE('03/17/2016 06:30:01', 'MM/DD/YYYY HH24:MI:SS'), NULL, 
    NULL, NULL, NULL, '675785', 'KD01', 
    NULL, NULL, '574', 'PR', NULL, 
    NULL, NULL, NULL, TO_DATE('03/17/2016 00:00:00', 'MM/DD/YYYY HH24:MI:SS'), TO_DATE('03/17/2016 00:00:00', 'MM/DD/YYYY HH24:MI:SS'), 
    NULL, 'PNT KTR PUSAT PTPN', 'PNT KTR PUSAT PTPN', NULL, 0, 
    NULL, NULL);
Insert into PEKERJAAN_RINCIAN
   (ID, TIPE, NAMA, VOLUME, VOLUME_REALISASI, 
    SATUAN, PEKERJAAN_ID, PAJAK, PAJAK_BM, HARGA_SATUAN, 
    HARGA_SATUAN_OE, STATE, CREATED_AT, UPDATED_AT, SPESIFIKASI, 
    SPESIFIKASI2, NOUPB, NOSDKAL, NOHPS, KODEDISTRIK, 
    KODEBARANG, NOREQ, STOCKCODE, TIPEREQ, NOWO, 
    WODESC, PERUNTUKAN, DSRUSULAN, TGLREQ, TGLKEBUTUHAN, 
    KODE_ANGGARAN, CREATED_BY, UPDATED_BY, SUBNOHPS, IDTAMPIL, 
    PREQ_NO, PREQ_ITEM_NO)
 Values
   (721, 1, 'Server', 2, 0, 
    'EA', 849, 0, 0, 200000000, 
    200000000, NULL, TO_DATE('03/18/2016 07:02:34', 'MM/DD/YYYY HH24:MI:SS'), TO_DATE('03/18/2016 07:02:34', 'MM/DD/YYYY HH24:MI:SS'), NULL, 
    NULL, NULL, NULL, '100/WBS001', 'KD01', 
    NULL, NULL, 'SC001', 'PR', NULL, 
    NULL, NULL, NULL, TO_DATE('03/18/2016 00:00:00', 'MM/DD/YYYY HH24:MI:SS'), TO_DATE('03/18/2016 00:00:00', 'MM/DD/YYYY HH24:MI:SS'), 
    NULL, 'PNT KTR PUSAT PTPN', 'PNT KTR PUSAT PTPN', NULL, 0, 
    NULL, NULL);
Insert into PEKERJAAN_RINCIAN
   (ID, TIPE, NAMA, VOLUME, VOLUME_REALISASI, 
    SATUAN, PEKERJAAN_ID, PAJAK, PAJAK_BM, HARGA_SATUAN, 
    HARGA_SATUAN_OE, STATE, CREATED_AT, UPDATED_AT, SPESIFIKASI, 
    SPESIFIKASI2, NOUPB, NOSDKAL, NOHPS, KODEDISTRIK, 
    KODEBARANG, NOREQ, STOCKCODE, TIPEREQ, NOWO, 
    WODESC, PERUNTUKAN, DSRUSULAN, TGLREQ, TGLKEBUTUHAN, 
    KODE_ANGGARAN, CREATED_BY, UPDATED_BY, SUBNOHPS, IDTAMPIL, 
    PREQ_NO, PREQ_ITEM_NO)
 Values
   (722, 1, 'Rantai Besi', 5, 0, 
    'EA', 850, 0, 0, 100000000, 
    100000000, NULL, TO_DATE('03/18/2016 07:31:01', 'MM/DD/YYYY HH24:MI:SS'), TO_DATE('03/18/2016 07:31:01', 'MM/DD/YYYY HH24:MI:SS'), NULL, 
    NULL, NULL, NULL, '001/WBS002', 'KD01', 
    NULL, NULL, 'SC/002', 'PR', NULL, 
    NULL, NULL, NULL, TO_DATE('03/18/2016 00:00:00', 'MM/DD/YYYY HH24:MI:SS'), TO_DATE('03/18/2016 00:00:00', 'MM/DD/YYYY HH24:MI:SS'), 
    NULL, 'PNT KTR PUSAT PTPN', 'PNT KTR PUSAT PTPN', NULL, 0, 
    NULL, NULL);
Insert into PEKERJAAN_RINCIAN
   (ID, TIPE, NAMA, VOLUME, VOLUME_REALISASI, 
    SATUAN, PEKERJAAN_ID, PAJAK, PAJAK_BM, HARGA_SATUAN, 
    HARGA_SATUAN_OE, STATE, CREATED_AT, UPDATED_AT, SPESIFIKASI, 
    SPESIFIKASI2, NOUPB, NOSDKAL, NOHPS, KODEDISTRIK, 
    KODEBARANG, NOREQ, STOCKCODE, TIPEREQ, NOWO, 
    WODESC, PERUNTUKAN, DSRUSULAN, TGLREQ, TGLKEBUTUHAN, 
    KODE_ANGGARAN, CREATED_BY, UPDATED_BY, SUBNOHPS, IDTAMPIL, 
    PREQ_NO, PREQ_ITEM_NO)
 Values
   (726, 1, 'PUPUK TIPE 98', 1, 0, 
    'TON', 854, 0, 0, 100000000, 
    100000000, NULL, TO_DATE('03/21/2016 03:27:27', 'MM/DD/YYYY HH24:MI:SS'), TO_DATE('03/21/2016 03:27:27', 'MM/DD/YYYY HH24:MI:SS'), NULL, 
    NULL, NULL, NULL, '100', 'KD01', 
    NULL, NULL, '1', 'PR', NULL, 
    NULL, NULL, NULL, TO_DATE('03/21/2016 00:00:00', 'MM/DD/YYYY HH24:MI:SS'), TO_DATE('03/21/2016 00:00:00', 'MM/DD/YYYY HH24:MI:SS'), 
    NULL, 'Panitia 01', 'Panitia 01', NULL, 0, 
    NULL, NULL);
Insert into PEKERJAAN_RINCIAN
   (ID, TIPE, NAMA, VOLUME, VOLUME_REALISASI, 
    SATUAN, PEKERJAAN_ID, PAJAK, PAJAK_BM, HARGA_SATUAN, 
    HARGA_SATUAN_OE, STATE, CREATED_AT, UPDATED_AT, SPESIFIKASI, 
    SPESIFIKASI2, NOUPB, NOSDKAL, NOHPS, KODEDISTRIK, 
    KODEBARANG, NOREQ, STOCKCODE, TIPEREQ, NOWO, 
    WODESC, PERUNTUKAN, DSRUSULAN, TGLREQ, TGLKEBUTUHAN, 
    KODE_ANGGARAN, CREATED_BY, UPDATED_BY, SUBNOHPS, IDTAMPIL, 
    PREQ_NO, PREQ_ITEM_NO)
 Values
   (717, 1, 'Pupuk Urea 111', 500, 0, 
    'ton', 845, 0, 0, 10, 
    10, NULL, TO_DATE('03/17/2016 04:39:38', 'MM/DD/YYYY HH24:MI:SS'), TO_DATE('03/17/2016 04:39:38', 'MM/DD/YYYY HH24:MI:SS'), NULL, 
    NULL, NULL, NULL, '111', 'PG09', 
    NULL, NULL, '1111', 'PR', NULL, 
    NULL, NULL, NULL, TO_DATE('03/17/2016 00:00:00', 'MM/DD/YYYY HH24:MI:SS'), TO_DATE('03/17/2016 00:00:00', 'MM/DD/YYYY HH24:MI:SS'), 
    NULL, 'ekoprast', 'ekoprast', NULL, 1, 
    NULL, NULL);
Insert into PEKERJAAN_RINCIAN
   (ID, TIPE, NAMA, VOLUME, VOLUME_REALISASI, 
    SATUAN, PEKERJAAN_ID, PAJAK, PAJAK_BM, HARGA_SATUAN, 
    HARGA_SATUAN_OE, STATE, CREATED_AT, UPDATED_AT, SPESIFIKASI, 
    SPESIFIKASI2, NOUPB, NOSDKAL, NOHPS, KODEDISTRIK, 
    KODEBARANG, NOREQ, STOCKCODE, TIPEREQ, NOWO, 
    WODESC, PERUNTUKAN, DSRUSULAN, TGLREQ, TGLKEBUTUHAN, 
    KODE_ANGGARAN, CREATED_BY, UPDATED_BY, SUBNOHPS, IDTAMPIL, 
    PREQ_NO, PREQ_ITEM_NO)
 Values
   (718, 1, 'Pupuk Urea TT', 100, 0, 
    'ton', 846, 0, 0, 10, 
    10, NULL, TO_DATE('03/17/2016 04:40:50', 'MM/DD/YYYY HH24:MI:SS'), TO_DATE('03/17/2016 04:40:50', 'MM/DD/YYYY HH24:MI:SS'), NULL, 
    NULL, NULL, NULL, '22', 'PG09', 
    NULL, NULL, '222', 'PR', NULL, 
    NULL, NULL, NULL, TO_DATE('03/17/2016 00:00:00', 'MM/DD/YYYY HH24:MI:SS'), TO_DATE('03/17/2016 00:00:00', 'MM/DD/YYYY HH24:MI:SS'), 
    NULL, 'ekoprast', 'ekoprast', NULL, 0, 
    NULL, NULL);
Insert into PEKERJAAN_RINCIAN
   (ID, TIPE, NAMA, VOLUME, VOLUME_REALISASI, 
    SATUAN, PEKERJAAN_ID, PAJAK, PAJAK_BM, HARGA_SATUAN, 
    HARGA_SATUAN_OE, STATE, CREATED_AT, UPDATED_AT, SPESIFIKASI, 
    SPESIFIKASI2, NOUPB, NOSDKAL, NOHPS, KODEDISTRIK, 
    KODEBARANG, NOREQ, STOCKCODE, TIPEREQ, NOWO, 
    WODESC, PERUNTUKAN, DSRUSULAN, TGLREQ, TGLKEBUTUHAN, 
    KODE_ANGGARAN, CREATED_BY, UPDATED_BY, SUBNOHPS, IDTAMPIL, 
    PREQ_NO, PREQ_ITEM_NO)
 Values
   (731, 1, 'Mobil Toyota', 4, 0, 
    'unit', 858, 0, 0, 250000000, 
    250000000, NULL, TO_DATE('03/22/2016 08:39:27', 'MM/DD/YYYY HH24:MI:SS'), TO_DATE('03/22/2016 08:39:27', 'MM/DD/YYYY HH24:MI:SS'), NULL, 
    NULL, NULL, NULL, '32345', 'KD01', 
    NULL, NULL, '3523523', 'PR', NULL, 
    NULL, NULL, NULL, TO_DATE('03/22/2016 00:00:00', 'MM/DD/YYYY HH24:MI:SS'), TO_DATE('03/22/2016 00:00:00', 'MM/DD/YYYY HH24:MI:SS'), 
    NULL, 'PNT KTR PUSAT PTPN', 'PNT KTR PUSAT PTPN', NULL, 0, 
    NULL, NULL);
Insert into PEKERJAAN_RINCIAN
   (ID, TIPE, NAMA, VOLUME, VOLUME_REALISASI, 
    SATUAN, PEKERJAAN_ID, PAJAK, PAJAK_BM, HARGA_SATUAN, 
    HARGA_SATUAN_OE, STATE, CREATED_AT, UPDATED_AT, SPESIFIKASI, 
    SPESIFIKASI2, NOUPB, NOSDKAL, NOHPS, KODEDISTRIK, 
    KODEBARANG, NOREQ, STOCKCODE, TIPEREQ, NOWO, 
    WODESC, PERUNTUKAN, DSRUSULAN, TGLREQ, TGLKEBUTUHAN, 
    KODE_ANGGARAN, CREATED_BY, UPDATED_BY, SUBNOHPS, IDTAMPIL, 
    PREQ_NO, PREQ_ITEM_NO)
 Values
   (732, 1, 'Rantai Besi', 2, 0, 
    'EA', 859, 0, 0, 450000000, 
    450000000, NULL, TO_DATE('03/28/2016 04:04:38', 'MM/DD/YYYY HH24:MI:SS'), TO_DATE('03/28/2016 04:04:38', 'MM/DD/YYYY HH24:MI:SS'), NULL, 
    NULL, NULL, NULL, 'WBS01', 'KD01', 
    NULL, NULL, 'SC01', 'PR', NULL, 
    NULL, NULL, NULL, TO_DATE('03/28/2016 00:00:00', 'MM/DD/YYYY HH24:MI:SS'), TO_DATE('03/28/2016 00:00:00', 'MM/DD/YYYY HH24:MI:SS'), 
    NULL, 'PNT KTR PUSAT PTPN', 'PNT KTR PUSAT PTPN', NULL, 0, 
    NULL, NULL);
Insert into PEKERJAAN_RINCIAN
   (ID, TIPE, NAMA, VOLUME, VOLUME_REALISASI, 
    SATUAN, PEKERJAAN_ID, PAJAK, PAJAK_BM, HARGA_SATUAN, 
    HARGA_SATUAN_OE, STATE, CREATED_AT, UPDATED_AT, SPESIFIKASI, 
    SPESIFIKASI2, NOUPB, NOSDKAL, NOHPS, KODEDISTRIK, 
    KODEBARANG, NOREQ, STOCKCODE, TIPEREQ, NOWO, 
    WODESC, PERUNTUKAN, DSRUSULAN, TGLREQ, TGLKEBUTUHAN, 
    KODE_ANGGARAN, CREATED_BY, UPDATED_BY, SUBNOHPS, IDTAMPIL, 
    PREQ_NO, PREQ_ITEM_NO)
 Values
   (736, 1, 'IMPELLER', 1, 0, 
    'EA', 863, 0, 0, 167542848, 
    167542848, NULL, TO_DATE('03/31/2016 05:19:00', 'MM/DD/YYYY HH24:MI:SS'), TO_DATE('03/31/2016 05:19:00', 'MM/DD/YYYY HH24:MI:SS'), 'IMPELLER 2nd STAGE
FOR BFP PLTU # 3/4
REF NO. 176 - 2                       
', 
    NULL, '0009/610/GRK/SETU3/VIII/2010', '0066.B/600/SDKAL/GRK/2010', '0060/611/PJB/I/2012', 'SGRK', 
    '20102290', NULL, '000823633', 'IR', NULL, 
    NULL, NULL, NULL, NULL, TO_DATE('04/30/2011 00:00:00', 'MM/DD/YYYY HH24:MI:SS'), 
    NULL, 'PNT KTR PUSAT PTPN', 'PNT KTR PUSAT PTPN', 'A', 3, 
    NULL, NULL);
Insert into PEKERJAAN_RINCIAN
   (ID, TIPE, NAMA, VOLUME, VOLUME_REALISASI, 
    SATUAN, PEKERJAAN_ID, PAJAK, PAJAK_BM, HARGA_SATUAN, 
    HARGA_SATUAN_OE, STATE, CREATED_AT, UPDATED_AT, SPESIFIKASI, 
    SPESIFIKASI2, NOUPB, NOSDKAL, NOHPS, KODEDISTRIK, 
    KODEBARANG, NOREQ, STOCKCODE, TIPEREQ, NOWO, 
    WODESC, PERUNTUKAN, DSRUSULAN, TGLREQ, TGLKEBUTUHAN, 
    KODE_ANGGARAN, CREATED_BY, UPDATED_BY, SUBNOHPS, IDTAMPIL, 
    PREQ_NO, PREQ_ITEM_NO)
 Values
   (737, 1, 'Bangunan Pabrik SATU', 1, 0, 
    'unit', 864, 0, 0, 3000000000, 
    3000000000, NULL, TO_DATE('03/31/2016 03:33:10', 'MM/DD/YYYY HH24:MI:SS'), TO_DATE('03/31/2016 03:33:10', 'MM/DD/YYYY HH24:MI:SS'), NULL, 
    NULL, NULL, NULL, 'WBS0003', 'KD01', 
    NULL, NULL, '12', 'PR', NULL, 
    NULL, NULL, NULL, TO_DATE('03/31/2016 00:00:00', 'MM/DD/YYYY HH24:MI:SS'), TO_DATE('03/31/2016 00:00:00', 'MM/DD/YYYY HH24:MI:SS'), 
    NULL, 'PNT KTR PUSAT PTPN', 'PNT KTR PUSAT PTPN', NULL, 0, 
    NULL, NULL);
Insert into PEKERJAAN_RINCIAN
   (ID, TIPE, NAMA, VOLUME, VOLUME_REALISASI, 
    SATUAN, PEKERJAAN_ID, PAJAK, PAJAK_BM, HARGA_SATUAN, 
    HARGA_SATUAN_OE, STATE, CREATED_AT, UPDATED_AT, SPESIFIKASI, 
    SPESIFIKASI2, NOUPB, NOSDKAL, NOHPS, KODEDISTRIK, 
    KODEBARANG, NOREQ, STOCKCODE, TIPEREQ, NOWO, 
    WODESC, PERUNTUKAN, DSRUSULAN, TGLREQ, TGLKEBUTUHAN, 
    KODE_ANGGARAN, CREATED_BY, UPDATED_BY, SUBNOHPS, IDTAMPIL, 
    PREQ_NO, PREQ_ITEM_NO)
 Values
   (715, 1, 'Pupuk Urea', 1000, 0, 
    'Ton', 844, 0, 0, 10000000, 
    10000000, NULL, TO_DATE('03/17/2016 04:35:10', 'MM/DD/YYYY HH24:MI:SS'), TO_DATE('03/17/2016 04:35:10', 'MM/DD/YYYY HH24:MI:SS'), NULL, 
    NULL, NULL, NULL, '5878', 'KD01', 
    NULL, NULL, '5788', 'PR', NULL, 
    NULL, NULL, NULL, TO_DATE('03/17/2016 00:00:00', 'MM/DD/YYYY HH24:MI:SS'), TO_DATE('03/17/2016 00:00:00', 'MM/DD/YYYY HH24:MI:SS'), 
    NULL, 'ekoprast', 'ekoprast', NULL, 0, 
    NULL, NULL);
Insert into PEKERJAAN_RINCIAN
   (ID, TIPE, NAMA, VOLUME, VOLUME_REALISASI, 
    SATUAN, PEKERJAAN_ID, PAJAK, PAJAK_BM, HARGA_SATUAN, 
    HARGA_SATUAN_OE, STATE, CREATED_AT, UPDATED_AT, SPESIFIKASI, 
    SPESIFIKASI2, NOUPB, NOSDKAL, NOHPS, KODEDISTRIK, 
    KODEBARANG, NOREQ, STOCKCODE, TIPEREQ, NOWO, 
    WODESC, PERUNTUKAN, DSRUSULAN, TGLREQ, TGLKEBUTUHAN, 
    KODE_ANGGARAN, CREATED_BY, UPDATED_BY, SUBNOHPS, IDTAMPIL, 
    PREQ_NO, PREQ_ITEM_NO)
 Values
   (716, 1, 'Pupuk Urea', 1000, 0, 
    'Ton', 845, 0, 0, 10000000, 
    10000000, NULL, TO_DATE('03/17/2016 04:39:38', 'MM/DD/YYYY HH24:MI:SS'), TO_DATE('03/17/2016 04:39:38', 'MM/DD/YYYY HH24:MI:SS'), NULL, 
    NULL, NULL, NULL, '5878', 'KD01', 
    NULL, NULL, '5788', 'PR', NULL, 
    NULL, NULL, NULL, TO_DATE('03/17/2016 00:00:00', 'MM/DD/YYYY HH24:MI:SS'), TO_DATE('03/17/2016 00:00:00', 'MM/DD/YYYY HH24:MI:SS'), 
    NULL, 'ekoprast', 'ekoprast', NULL, 0, 
    NULL, NULL);
COMMIT;

SET DEFINE OFF;
Insert into PENAWARAN
   (ID, WAKTU, NILAI_AKHIR, NILAI_TERENKRIPSI, NILAI_TERENKRIPSI2, 
    AMPLOP_ENKRIPSI_PENYEDIA, AMPLOP_ENKRIPSI_PANITIA, TANDA_TANGAN, NILAI_NEGOSIASI, NILAI_TERDEKRIPSI, 
    PEMBUKA_ENKRIPSI, NILAI_TEKNIS, URUTAN, URUTAN_TEKNIS, STATUS, 
    PERUSAHAAN_ID, PENGADAAN_ID, TIPE_PENAWARAN, FILE_BERKAS_ID, FILE_SESSION_ID, 
    STATE, CREATED_AT, UPDATED_AT)
 Values
   (348, TO_DATE('03/17/2016 04:55:47', 'MM/DD/YYYY HH24:MI:SS'), 9790000000, '9x505Lvccr/gnajveg==', NULL, 
    'TtsDwSDwSByKVWs3mPVi5VnedmxSLtU9XDl+HIHsuJekkrkk6/wrVQMfP61Ovp7hXcw4rOqEvHM1Wg9GAk9vD5rKNBC5SolgvlLEeVp4MH2WCJPo+lm4ssP79dqoyOX1TsERxzzVHKKTZ9DOZDMMaq4wXEVCwvGfBQC0sEeXfro=', 'mPwS8Tx/wceselnugNCHkSqXjV8l99k2DwnXkriFGxNGJgwb/43quI2Zmf8p/x+GVajpCctahAFKpx6chOURQhTBzgVknCkziLJ+dIqzY60Hlu00PnSuGV02M70lULXLeVEgS1B4Fv3cfpqd0Wy7KhMWt0k89lzi6G3j1wLk6jk=', 'g3HWB+lSCjhURaCBw4HxjjL/bIhikGBg/mAA2u0cO/UNJaUhLMPklwJDS7CFQqSsZMvrbH/nuWfaAgMUCx3TpbpgKBFhiTDiZdsM0WaVklMNt7QtgOGGN5vZIdRNx5vwpXljNgpgdQQsaIr8mpfN1TMGchWJeli4pbk0RmQH4O8=', 9790000000, 9790000000, 
    NULL, NULL, NULL, NULL, 1, 
    148, 227, 1, 0, 0, 
    0, TO_DATE('03/17/2016 04:55:47', 'MM/DD/YYYY HH24:MI:SS'), TO_DATE('03/17/2016 07:22:12', 'MM/DD/YYYY HH24:MI:SS'));
Insert into PENAWARAN
   (ID, WAKTU, NILAI_AKHIR, NILAI_TERENKRIPSI, NILAI_TERENKRIPSI2, 
    AMPLOP_ENKRIPSI_PENYEDIA, AMPLOP_ENKRIPSI_PANITIA, TANDA_TANGAN, NILAI_NEGOSIASI, NILAI_TERDEKRIPSI, 
    PEMBUKA_ENKRIPSI, NILAI_TEKNIS, URUTAN, URUTAN_TEKNIS, STATUS, 
    PERUSAHAAN_ID, PENGADAAN_ID, TIPE_PENAWARAN, FILE_BERKAS_ID, FILE_SESSION_ID, 
    STATE, CREATED_AT, UPDATED_AT)
 Values
   (365, TO_DATE('03/22/2016 05:43:35', 'MM/DD/YYYY HH24:MI:SS'), 385000000, 'rFPPar8dCQ2vduaq', NULL, 
    'HDmxHkY1fhmMoDLckPkhJWQjy5bhhQXA2Tkvk1g4CNB1853keZTl0OeQcp9qWBlvoeVoO5VlgKaVxOD4vv676boUPEZJCxcQ2+9CY+JLOukFRbU22TuZbdoHcRDlvGL5uxqbDNBj+cDOvZRsZDvqeicMoL9pCBOhv/GknSty5B0=', 'jalETe6nq8YvMc6P0Zl/XHS9mSLJjgBpkL8QIzF36yH7h2Gcmhav7UbCcFMHTCgFIXvdMKUUJlXv9ZOibA6DGUTROm3RFUFL0zhrrpCnDgZtAVMF/CP1ufplByqq2J+08jMf9vr9ZOHOJsgcPtcGvxU/pfvuBqD6KNREgSBVccM=', 'wj096mXHLFXeWGhCmTZbRT54a7kM/hBEdN3pO94xqOrqhudtVkZRp6zPgbqmgDvt/KERnwcGFSZQw4KdKyCQgM452pG1rKpMGTUVZs2EUzUY2oH8zm1nVsQoCtxPM59cs+JwPy4XdHhkaKVzKQFI8eRkNh4uzoMrxkhx/pcqOCo=', 385000000, 385000000, 
    NULL, NULL, 1, NULL, 0, 
    151, 237, 1, 0, 0, 
    0, TO_DATE('03/22/2016 05:43:35', 'MM/DD/YYYY HH24:MI:SS'), TO_DATE('03/22/2016 08:16:43', 'MM/DD/YYYY HH24:MI:SS'));
Insert into PENAWARAN
   (ID, WAKTU, NILAI_AKHIR, NILAI_TERENKRIPSI, NILAI_TERENKRIPSI2, 
    AMPLOP_ENKRIPSI_PENYEDIA, AMPLOP_ENKRIPSI_PANITIA, TANDA_TANGAN, NILAI_NEGOSIASI, NILAI_TERDEKRIPSI, 
    PEMBUKA_ENKRIPSI, NILAI_TEKNIS, URUTAN, URUTAN_TEKNIS, STATUS, 
    PERUSAHAAN_ID, PENGADAAN_ID, TIPE_PENAWARAN, FILE_BERKAS_ID, FILE_SESSION_ID, 
    STATE, CREATED_AT, UPDATED_AT)
 Values
   (367, TO_DATE('03/22/2016 05:49:03', 'MM/DD/YYYY HH24:MI:SS'), 396000000, 'qjFTcsqzOH++rHxh', NULL, 
    'FCGz8tGvsvDW/uJFixpf9RuDTAEF4IvYiM5FK/QNg1z61xVuXy5pwoJKhJbO65opJRWJtZtcsU7REfa4X/mj1XLGBFFhE84NiTYfRgJAd2AfEZmnRRFw3OrdA4xhtNcy6wFJLvVRbd9uoaPt7NHQ0YrQlCIqgLYfat2nQmRPDeM=', 'jvHbzCliragnFk7gE5pxUZlScYL9l3ikWZs/KaDgUNt19TVJCcJ+uHZjtJBD/atZiwf0nQ30Xd4NuxxTqZ4PqPxtos9Vz/iF+FH4qF35CL0lWFqoZwZldiHX9AR15FdoXlsL2PlDSqtyQX8XT47sUop77cBJRsvTSDJLdh946XM=', 'GV5cLlsNUtsYhaHH4TE2X0Ym5GxfwojVBd6VtjYGCCOaeTejQBSSBBDVWrWmJZZ89l8ItkwD/71rxHAfoNofIexJ8hzPVpfUjixrODvUzNjJcvkaw3fpFe7Dp5t24VqVepR7W28ecxGxt7Ih+J3wXPCVtn/zw4ghIm0RAvAB1tE=', 396000000, 396000000, 
    NULL, NULL, 3, NULL, 0, 
    152, 237, 1, 0, 0, 
    0, TO_DATE('03/22/2016 05:49:03', 'MM/DD/YYYY HH24:MI:SS'), TO_DATE('03/22/2016 08:17:38', 'MM/DD/YYYY HH24:MI:SS'));
Insert into PENAWARAN
   (ID, WAKTU, NILAI_AKHIR, NILAI_TERENKRIPSI, NILAI_TERENKRIPSI2, 
    AMPLOP_ENKRIPSI_PENYEDIA, AMPLOP_ENKRIPSI_PANITIA, TANDA_TANGAN, NILAI_NEGOSIASI, NILAI_TERDEKRIPSI, 
    PEMBUKA_ENKRIPSI, NILAI_TEKNIS, URUTAN, URUTAN_TEKNIS, STATUS, 
    PERUSAHAAN_ID, PENGADAAN_ID, TIPE_PENAWARAN, FILE_BERKAS_ID, FILE_SESSION_ID, 
    STATE, CREATED_AT, UPDATED_AT)
 Values
   (375, TO_DATE('03/30/2016 05:07:22', 'MM/DD/YYYY HH24:MI:SS'), 88440000, 'c87/l4St/2ko20s=', NULL, 
    'TnFaY+PzmTN7cy7Po15IFMcFUUTZS83GWuz7BurCyG29wSwelbTzM+EnwgwkW9p9Lx5TpSwbCvs9WIAKc6MC1E71RiOSZPojaL6bXMSb31u1M1JfavqXVRBqCHMf+GG3fcAyyqDUHaiFSbvtNcKRQLT8AU3PKwi0O0HZZwm3Bx8=', 'ghhYZzprx0r8Gi2tIevsXYNZyPg8rOsFJkVR5pVBIOX4na1iN5YkuU1UeZS5Bjoh5P8iiFWAv/j1xY4JK57AL/JEsGybpqGcSaU9lgTbs4oYLbJ2oMy9ERGpSCnhAkUHNL5Wt0VISiByE/SeY7gxey8qb/OOgbNCyFFyGosOa80=', 'Ed9k6TQZWTQgChbRYcfT08a0b7+U6qNLW9+SxxdYPo9ql5SL7VyNqi3ZE1oRm3A20QwYWEwqRFlJvGofldYsI2plHUHoNMIwENCc8r+WUJoF5qGShSmj1Vu7ORgH29XaJGRUB8/jJjCukaZ5SODvdkcrU1+M2mWCIDvEnZ6Ba80=', 88440000, 88440000, 
    NULL, NULL, NULL, NULL, 2, 
    151, 239, 1, 0, 0, 
    0, TO_DATE('03/30/2016 05:07:22', 'MM/DD/YYYY HH24:MI:SS'), TO_DATE('03/30/2016 05:41:18', 'MM/DD/YYYY HH24:MI:SS'));
Insert into PENAWARAN
   (ID, WAKTU, NILAI_AKHIR, NILAI_TERENKRIPSI, NILAI_TERENKRIPSI2, 
    AMPLOP_ENKRIPSI_PENYEDIA, AMPLOP_ENKRIPSI_PANITIA, TANDA_TANGAN, NILAI_NEGOSIASI, NILAI_TERDEKRIPSI, 
    PEMBUKA_ENKRIPSI, NILAI_TEKNIS, URUTAN, URUTAN_TEKNIS, STATUS, 
    PERUSAHAAN_ID, PENGADAAN_ID, TIPE_PENAWARAN, FILE_BERKAS_ID, FILE_SESSION_ID, 
    STATE, CREATED_AT, UPDATED_AT)
 Values
   (376, TO_DATE('03/30/2016 05:09:22', 'MM/DD/YYYY HH24:MI:SS'), 906510000, 'j5i8SwC6WwCSjb1x', NULL, 
    'N0uDFZQLQ+UxDLLJ8EeHnPsYSvuiNxmZXgNZAUmNfkmYhdv9M6Vl4i7wX3ZDOi1rLQJ04y8iMbVjVsKvsP4yHaKoUZyRFGVd/XNNQ1ejvP05ApYXqRZ1puDz7wfM7RBK4KaHCknC6/Apg8XfF7bUi11za2o4irISSSlIuhOjc7s=', 'ShmMM92kSn1cGjffHzeUsgp0trIpHszLMx8LMo+FgEu3g0UBhfV0dsevD/mjGy3bTIdYu44EZdIsapsjzHm5aex2mqEAAyJAHwAa+qioIqDiMaHI8lvFnwCazI3v+x5AFkmIBvlZElMzsaj6ITaLONnKEZpaQzbFc9RXIE9Ck1s=', 'v8jFpJVPCa0FcEb+GGCBRrxtrxGTwloSH/QoEC7y5BwASQYgJO7oDFW7wF2jCUKYdxB513e/ejl5tOGxZi4sXcOBZAmPVU0HoCJ2zXRztHC7KzWEkL8/CowWOpw58CeosyBmyk9P1K0MvCsoOha2oLzak76hyiQIMAMtuO4W2Nc=', 906510000, 906510000, 
    NULL, NULL, NULL, NULL, 2, 
    150, 239, 1, 0, 0, 
    0, TO_DATE('03/30/2016 05:09:22', 'MM/DD/YYYY HH24:MI:SS'), TO_DATE('03/30/2016 05:43:05', 'MM/DD/YYYY HH24:MI:SS'));
Insert into PENAWARAN
   (ID, WAKTU, NILAI_AKHIR, NILAI_TERENKRIPSI, NILAI_TERENKRIPSI2, 
    AMPLOP_ENKRIPSI_PENYEDIA, AMPLOP_ENKRIPSI_PANITIA, TANDA_TANGAN, NILAI_NEGOSIASI, NILAI_TERDEKRIPSI, 
    PEMBUKA_ENKRIPSI, NILAI_TEKNIS, URUTAN, URUTAN_TEKNIS, STATUS, 
    PERUSAHAAN_ID, PENGADAAN_ID, TIPE_PENAWARAN, FILE_BERKAS_ID, FILE_SESSION_ID, 
    STATE, CREATED_AT, UPDATED_AT)
 Values
   (377, TO_DATE('03/30/2016 05:10:28', 'MM/DD/YYYY HH24:MI:SS'), 908278800, '0Wd7AJe8bbIOud/m', NULL, 
    'SqrtTetCgC3KsEGwv1um76lCfCIz/x43uSe6KKbSAT9bxclwumQ07qrfrVQ66CNLiC7FnV8/T0DOfxRrKETdsdmaKg/fDpEo6mjtchd/TVqnp2JIQ+vkgxuVn6aoW16/vkCm/MFXbGidC6B15WOpOpkGgQK+ZVokioTjjzC5GaM=', 'PUvTr4py+ILMorj9w5zuOH9z3zwO3IjTFFjRXp123ceDpcZtcvjOxUcrGO85s90INSaemeNMpnrynXYlpzo1hGjzvIS5dkC42oCOcaehlqQh2IYzrwXFzQJ1IIhuIMKwsIUvAmpBduOGBTPE6shvlF8zomFNNfLsVyy9R8D6AxY=', 'eHJ0hz0iMZFLJMqusS+UEv3+T2fvX2/8MCb0fVxfaaNEeCtBW3EfjRQKOf+3fw9uylMntFSNMHBUFBUJcNfKK3lcaZcSoccjwAsz+PIFirXn6KqNzCtgKlR9YudBLWZYdg1P3IMSf21Kd2NKocRb1mQtfqlSbxM9VVcIs2LVPDY=', 908278800, 908278800, 
    NULL, NULL, NULL, NULL, 2, 
    148, 239, 1, 0, 0, 
    0, TO_DATE('03/30/2016 05:10:28', 'MM/DD/YYYY HH24:MI:SS'), TO_DATE('03/30/2016 05:44:11', 'MM/DD/YYYY HH24:MI:SS'));
Insert into PENAWARAN
   (ID, WAKTU, NILAI_AKHIR, NILAI_TERENKRIPSI, NILAI_TERENKRIPSI2, 
    AMPLOP_ENKRIPSI_PENYEDIA, AMPLOP_ENKRIPSI_PANITIA, TANDA_TANGAN, NILAI_NEGOSIASI, NILAI_TERDEKRIPSI, 
    PEMBUKA_ENKRIPSI, NILAI_TEKNIS, URUTAN, URUTAN_TEKNIS, STATUS, 
    PERUSAHAAN_ID, PENGADAAN_ID, TIPE_PENAWARAN, FILE_BERKAS_ID, FILE_SESSION_ID, 
    STATE, CREATED_AT, UPDATED_AT)
 Values
   (379, TO_DATE('03/30/2016 11:58:56', 'MM/DD/YYYY HH24:MI:SS'), 11145090000, 'NqNqVBEOPBlSxZTY07Y=', NULL, 
    'qXQSYhnThOUfCTBc0xqh/qfCDSSR38tDgQg+MczDHtS/dU6CCPTqa6niv3ZqF24C+4Yk2M3SO1GkQm/RpSzikjohB5D8IThsBP6ct85Y+f5ABvXCbANlZmJ/sa0GpRQ2pY8W1NQR2kzjW2WaKZPY0hHHqSuavGOGkqHxpo30YYk=', 'hnlCdPhHQWtNjNMhiTK5lHNl011B+rktGSHgkepeUOct69zYlVwp8FSrOy8fdkp8klhnV5Fhig5LSQcVWOanQefmz0uI7tK5m1BvZ8Y1M0mjUWF1zJg7covL2+Yjhks1rzPomZ+pdDOxjZfMhowjmEPk4lq1nDa8/Ko9k7ReW4U=', 'ILdV8RkLeDLgHHcJh380b+P//IC3h3tOspEawZPY4KumuaP4KIDRez2++iAMVRVsdhDD16AM4bfKmHwyquDS0qu9fNi2io+HWadMQabikk5wbdVr4Uq0ua1RyAvjbfCJq5T2pMGaCRZfg2kIrTFlPXx2/CeCYjqUM9P7aA7mX30=', 11145090000, 11145090000, 
    NULL, 100, NULL, 1, 1, 
    150, 240, 1, 0, 0, 
    0, TO_DATE('03/30/2016 11:58:56', 'MM/DD/YYYY HH24:MI:SS'), TO_DATE('03/31/2016 03:09:53', 'MM/DD/YYYY HH24:MI:SS'));
Insert into PENAWARAN
   (ID, WAKTU, NILAI_AKHIR, NILAI_TERENKRIPSI, NILAI_TERENKRIPSI2, 
    AMPLOP_ENKRIPSI_PENYEDIA, AMPLOP_ENKRIPSI_PANITIA, TANDA_TANGAN, NILAI_NEGOSIASI, NILAI_TERDEKRIPSI, 
    PEMBUKA_ENKRIPSI, NILAI_TEKNIS, URUTAN, URUTAN_TEKNIS, STATUS, 
    PERUSAHAAN_ID, PENGADAAN_ID, TIPE_PENAWARAN, FILE_BERKAS_ID, FILE_SESSION_ID, 
    STATE, CREATED_AT, UPDATED_AT)
 Values
   (380, TO_DATE('03/30/2016 14:04:36', 'MM/DD/YYYY HH24:MI:SS'), 2059612632, 'wY7rlgg4MWXvezJh9g==', NULL, 
    'M7bEIu3p33JaOKrYlFwmlvRgTzbq0PFQ6uasccYblUJOmgC9RzjMSS8aRK71Sbw54pkKqqrAR9XAHaakUv7OhVfAcqrthVkKEdj9cXakiH2VtU9e1ic9s9YEPhqFv//S65xvFIUPixn7/2sgvytflyJHL5rG2QDdOvyLDbTuuwk=', 'vRL+/vt3K7Iic/foEoEsjovs5blSoTBqX7Y/uKRpQE1Cmw9IDf7AF82m//NxQSpmtzPkJ32U5F1UUVbl1ihpt36P/HeMRmFcNKZVDkRf791QPLaEcUYMURFdQQucUXJprlb8UgyNQbYcFqgxt3UyDiknllIgm5V0LTLjkD7TO88=', 'lty31Ky6jM9ZI8Di/7NLQA1ZCuTvbo1Cn40zFUElzcb1I+gtPfJZzOIuHi3DZhjjN6MWR2YR2PDaUmYS1+8q55pDsRdnjslyv4w1LEwzdtEj3M2H8EsCrOHOziIUQH1TT6KES6ROCKhy8qDY+6ySV3O3hXYhjGtOnpbpM+TFDDY=', 2059612632, 2059612632, 
    NULL, NULL, NULL, NULL, 2, 
    148, 240, 1, 0, 0, 
    0, TO_DATE('03/30/2016 14:04:36', 'MM/DD/YYYY HH24:MI:SS'), TO_DATE('03/31/2016 02:32:41', 'MM/DD/YYYY HH24:MI:SS'));
Insert into PENAWARAN
   (ID, WAKTU, NILAI_AKHIR, NILAI_TERENKRIPSI, NILAI_TERENKRIPSI2, 
    AMPLOP_ENKRIPSI_PENYEDIA, AMPLOP_ENKRIPSI_PANITIA, TANDA_TANGAN, NILAI_NEGOSIASI, NILAI_TERDEKRIPSI, 
    PEMBUKA_ENKRIPSI, NILAI_TEKNIS, URUTAN, URUTAN_TEKNIS, STATUS, 
    PERUSAHAAN_ID, PENGADAAN_ID, TIPE_PENAWARAN, FILE_BERKAS_ID, FILE_SESSION_ID, 
    STATE, CREATED_AT, UPDATED_AT)
 Values
   (362, TO_DATE('03/18/2016 10:56:40', 'MM/DD/YYYY HH24:MI:SS'), NULL, NULL, NULL, 
    NULL, NULL, NULL, NULL, NULL, 
    NULL, NULL, NULL, NULL, 0, 
    135, 229, 0, 0, 0, 
    0, TO_DATE('03/18/2016 10:56:40', 'MM/DD/YYYY HH24:MI:SS'), TO_DATE('03/18/2016 10:56:40', 'MM/DD/YYYY HH24:MI:SS'));
Insert into PENAWARAN
   (ID, WAKTU, NILAI_AKHIR, NILAI_TERENKRIPSI, NILAI_TERENKRIPSI2, 
    AMPLOP_ENKRIPSI_PENYEDIA, AMPLOP_ENKRIPSI_PANITIA, TANDA_TANGAN, NILAI_NEGOSIASI, NILAI_TERDEKRIPSI, 
    PEMBUKA_ENKRIPSI, NILAI_TEKNIS, URUTAN, URUTAN_TEKNIS, STATUS, 
    PERUSAHAAN_ID, PENGADAAN_ID, TIPE_PENAWARAN, FILE_BERKAS_ID, FILE_SESSION_ID, 
    STATE, CREATED_AT, UPDATED_AT)
 Values
   (364, TO_DATE('03/18/2016 10:58:28', 'MM/DD/YYYY HH24:MI:SS'), 544500000, 'OhPUVysMCSCWWfPd', NULL, 
    'tVt/bpn83AkOHbdeoU6ra1fnYatycQGPVqcbKRwzgYqnGX1S+MbYq2uAJVanvN8gf7veSMZ7AIHOP+mog9A4QKdFPaPFpomeelSkAPEs48oLRNB7qTSZpMZpsdcmj7/7bq+xlo8J2YjkNlfi5zQDb4CjgSRuCPK5Rb+Ce1Bq70Y=', 'yZ18y+ShZSsiUuFGdIdkBWFiSSxUPrk4ARlzXtKNnODEuPaliwSe0NmqRtnQRbm3qx8bqhcbJJAJROp26+tbWnDomU/YDO06VLFZHAtgnEdnWqhpK+iB1cpn2tS2vUNAZ1it2JFv1DcFw+lLzNHHbLYlGDdtS9yPEKmA2eY26Zc=', 'K7rhwUu8f9nhazfxEhyvi2wzR7MxBk5SxEbsRN33H+E2Is9LwGJv0c6mBg+sRHdZo+Fp7RHx0gHP77mK5hEsYow2x5z27EVDygcV6KyHGuUIDnaIDFHBv+4Hh4J6MW0/g5MyBOQH1bydQomk8KDCtgqwJghE/zjFmJCMwfXkMa0=', 544500000, 544500000, 
    NULL, NULL, 3, NULL, 1, 
    152, 230, 1, 0, 0, 
    0, TO_DATE('03/18/2016 10:58:28', 'MM/DD/YYYY HH24:MI:SS'), TO_DATE('03/18/2016 11:07:31', 'MM/DD/YYYY HH24:MI:SS'));
Insert into PENAWARAN
   (ID, WAKTU, NILAI_AKHIR, NILAI_TERENKRIPSI, NILAI_TERENKRIPSI2, 
    AMPLOP_ENKRIPSI_PENYEDIA, AMPLOP_ENKRIPSI_PANITIA, TANDA_TANGAN, NILAI_NEGOSIASI, NILAI_TERDEKRIPSI, 
    PEMBUKA_ENKRIPSI, NILAI_TEKNIS, URUTAN, URUTAN_TEKNIS, STATUS, 
    PERUSAHAAN_ID, PENGADAAN_ID, TIPE_PENAWARAN, FILE_BERKAS_ID, FILE_SESSION_ID, 
    STATE, CREATED_AT, UPDATED_AT)
 Values
   (349, TO_DATE('03/17/2016 05:05:01', 'MM/DD/YYYY HH24:MI:SS'), 9900000000, 'KC3HbYKsKB9iEpBYCA==', NULL, 
    'ItUiyBzBqWUd9969eLV3CNe9e6B9EKUJPzEgom4GCSz+2+jLxTttmRVU8zbdCaIUkOeyc8ryeL7Ii+4CK1ZaA29UKKFuWHzqhVRwW0Bxulu0AbuGHU2OO+qSlgdqckH5D5zkEKtQibUKTxvxUABOgA35WhI5GidpPXib8to9Y4Q=', 'iZeyd+WhnfwnszoaURRDUVmKsBJ0w/rKuJeu+PvyzgO2LRMvwrXT0gox1PAikl4H4OAPLrThBbSXfyiCASgOaM/jpGj1ZZYf8uYOkXXLj64OPftnmmosw2qAxeo1uPsHWYm4EX7R9W49exncVJYfkvqGBi2CQrtj7L7K7bHLsMY=', 'PkeNSrh4S2slnZ4PPXwYyTP67Ae6B8IlXSK6B4IGUSe+7Yx4lRLDIOSBs+Sw5zDOoF+vLEtlNb+UOpzDg5caWKxW4sWiug0Lsz/Q7gDR4V8DGwe+P6XZ50lde0oT9jhUTxKEMXxPArX6jBzSsRoleBaDbAHQDn4FFgKijRIn45U=', 9900000000, 9900000000, 
    NULL, NULL, NULL, NULL, 1, 
    152, 227, 1, 0, 0, 
    0, TO_DATE('03/17/2016 05:05:01', 'MM/DD/YYYY HH24:MI:SS'), TO_DATE('03/17/2016 05:20:18', 'MM/DD/YYYY HH24:MI:SS'));
Insert into PENAWARAN
   (ID, WAKTU, NILAI_AKHIR, NILAI_TERENKRIPSI, NILAI_TERENKRIPSI2, 
    AMPLOP_ENKRIPSI_PENYEDIA, AMPLOP_ENKRIPSI_PANITIA, TANDA_TANGAN, NILAI_NEGOSIASI, NILAI_TERDEKRIPSI, 
    PEMBUKA_ENKRIPSI, NILAI_TEKNIS, URUTAN, URUTAN_TEKNIS, STATUS, 
    PERUSAHAAN_ID, PENGADAAN_ID, TIPE_PENAWARAN, FILE_BERKAS_ID, FILE_SESSION_ID, 
    STATE, CREATED_AT, UPDATED_AT)
 Values
   (360, TO_DATE('03/18/2016 10:54:23', 'MM/DD/YYYY HH24:MI:SS'), 550000000, 'NnKl6IwDQePznHtd', NULL, 
    'mAYbVjFFO4N6w0+X/vsVUVAhP9y4A15gSlmK4Ibe8+eoBShMUCeAPrSRqTOYMABdg+DERaFttN7lLM0TL18NFEpHQlfoQv4F7yZRdZ7J6bFMDfZcwDqioBL+X7e0afIZjqwc7QZf2X2WfWda4ADq7X8Nz9E1KSUudhKTKdFH5ig=', 'alDIaZoOZvzKXX8ZMslo0r6cpOTqYo7JQvfBhd+3tIntDGROCSuFgH9qFq55kbH9UN6BNAJi5KM+8ClICMSY7aiWlLAqp5aB/QSHvEI0Kuuty3OfinrnV+y3KHy7qUzAHjuD9CYikfuyImJH6pkaFcJqJ8eNn83w971Kr62itsM=', 'KDt2nbu3s/X/hZVqToXFmrddyt3lRiYA+gpRIQ+700UsHGBNtDxA6Evo9nzbTJGJ3cXw/rJ5BMHozZsC/gGjUwBVnugkia6T4PrBGGXCXcsIZx9hXdRZBaZjWdnqxyip+Vrq6EoH6U9JTM7CpD/6mzdHuhTooYjRGlZZNCIJAzQ=', 550000000, 550000000, 
    NULL, NULL, NULL, NULL, 1, 
    151, 230, 1, 0, 0, 
    0, TO_DATE('03/18/2016 10:54:23', 'MM/DD/YYYY HH24:MI:SS'), TO_DATE('03/31/2016 17:25:30', 'MM/DD/YYYY HH24:MI:SS'));
Insert into PENAWARAN
   (ID, WAKTU, NILAI_AKHIR, NILAI_TERENKRIPSI, NILAI_TERENKRIPSI2, 
    AMPLOP_ENKRIPSI_PENYEDIA, AMPLOP_ENKRIPSI_PANITIA, TANDA_TANGAN, NILAI_NEGOSIASI, NILAI_TERDEKRIPSI, 
    PEMBUKA_ENKRIPSI, NILAI_TEKNIS, URUTAN, URUTAN_TEKNIS, STATUS, 
    PERUSAHAAN_ID, PENGADAAN_ID, TIPE_PENAWARAN, FILE_BERKAS_ID, FILE_SESSION_ID, 
    STATE, CREATED_AT, UPDATED_AT)
 Values
   (363, TO_DATE('03/18/2016 10:56:56', 'MM/DD/YYYY HH24:MI:SS'), 539000000, 'FKY+o2q9FlZDStmF', NULL, 
    'aN7fKyPTYnSxPH+hFvWqjSJZdkzBt892yQudEkpB1xMdZcEAvF6eoqfT4cFVnx11siIYX5mMtFVGAYMyegW21SCWT7RlKbwBiFIluhjRvyOP0jubME8n57DLZdgCTBYAvjms+G62aDs2h87iOgFyp1hJPl0RlD8EUYFgigSSYPI=', 'A13F/XHxsy2IIwC3f9qlqDtaANjNezSu1CCXOUWn7HCWlpErqmonRWY9Y8EMijJ25TnigDMwz2Sx16O1kbIuMQdUR0wmUVhoqvud9LUc7fN44Ue4S0sT8qRi7bpz/0GIBfEn0R6ZN1K+qJBfEYcE5OnymBm5UMqKefsNt8sglyA=', 'RvRdDHnB18GvLY6h6AwsOW+sK0NjeuOlTDV4De1c55tgsqDdjisCl2LB9stmFFRKkIqmG3JQtKwKCcukuqGfUhHo0Zzet9J61rQhQWCgFvu1UipSqVa1H84Qt4iluNte8XTU/8rupKGr/KlPWazgp3AtNVXtWETsLMfMkaUS/r0=', 539000000, 539000000, 
    NULL, NULL, 2, NULL, 3, 
    148, 230, 1, 0, 0, 
    0, TO_DATE('03/18/2016 10:56:56', 'MM/DD/YYYY HH24:MI:SS'), TO_DATE('03/18/2016 11:09:25', 'MM/DD/YYYY HH24:MI:SS'));
Insert into PENAWARAN
   (ID, WAKTU, NILAI_AKHIR, NILAI_TERENKRIPSI, NILAI_TERENKRIPSI2, 
    AMPLOP_ENKRIPSI_PENYEDIA, AMPLOP_ENKRIPSI_PANITIA, TANDA_TANGAN, NILAI_NEGOSIASI, NILAI_TERDEKRIPSI, 
    PEMBUKA_ENKRIPSI, NILAI_TEKNIS, URUTAN, URUTAN_TEKNIS, STATUS, 
    PERUSAHAAN_ID, PENGADAAN_ID, TIPE_PENAWARAN, FILE_BERKAS_ID, FILE_SESSION_ID, 
    STATE, CREATED_AT, UPDATED_AT)
 Values
   (366, TO_DATE('03/22/2016 05:45:07', 'MM/DD/YYYY HH24:MI:SS'), 389400000, 'eh+/fjXF7YC4MRY9', NULL, 
    'lfx6ceFPkdV+OvZYVzCZ4IO6fI7BZQqly8frgvMxYIWGKZuvsyfXRrVVHF1JmTeW3PtultRLzZZ9I8tQfWORO3Cb0IdL5Fxas49eKqEQBrXX+9X2BsrraITXqGup5AvTu01JAkjTuJJ6ynYUT4KPE+gdi9fBCPNkCn9ae1XNgFc=', 'z0fsOiM1X6amYunYoF6eM5r6XE0FhqN26Z63Asn3fCJx4BCUfWxEr3mT6+E806SwnuiFfcbSK5dN9nHLaEsDL+0xAMi8yaa/5LNivC1W7+iSym8nRstVR8v6MYhr1XnJQtrYl+E57K9xXHp7JHcoxuZzI1V2Pfd1woCxCmj4/u0=', 'NfDgX9pgS9sgHc5OQ/DN89BgAdtc+nQ1qvkuc+fwDbbFNn8n+4zJ363oku6OCbmNwFSCMv4i4gxt724xYgNsOsX3z5XRd+hMqVjVMBcz7CHORr+3BflhfIQCM3ZMcz3q45zJ1QMezVrFG6+rcszeUYFLXg9VrrJFiqGRY56X378=', 389400000, 389400000, 
    NULL, NULL, 2, NULL, 0, 
    148, 237, 1, 0, 0, 
    0, TO_DATE('03/22/2016 05:45:07', 'MM/DD/YYYY HH24:MI:SS'), TO_DATE('03/22/2016 08:17:14', 'MM/DD/YYYY HH24:MI:SS'));
Insert into PENAWARAN
   (ID, WAKTU, NILAI_AKHIR, NILAI_TERENKRIPSI, NILAI_TERENKRIPSI2, 
    AMPLOP_ENKRIPSI_PENYEDIA, AMPLOP_ENKRIPSI_PANITIA, TANDA_TANGAN, NILAI_NEGOSIASI, NILAI_TERDEKRIPSI, 
    PEMBUKA_ENKRIPSI, NILAI_TEKNIS, URUTAN, URUTAN_TEKNIS, STATUS, 
    PERUSAHAAN_ID, PENGADAAN_ID, TIPE_PENAWARAN, FILE_BERKAS_ID, FILE_SESSION_ID, 
    STATE, CREATED_AT, UPDATED_AT)
 Values
   (378, TO_DATE('03/30/2016 11:45:46', 'MM/DD/YYYY HH24:MI:SS'), 115908936000, '6zN8xQTT5ReUnWtXB/NC', NULL, 
    'GmUP+9SV1oPrtwEoe3QXbvj7tqLPUN/x4sYutaxH5OYCn13lrVg8Dec1yErHcnI6AOKpcI5zSyohBZJM8PIKa3IRiZFP5VRwOuFWrB1nlCta4iaJcDcNMJiuTLosGof/5UuHHbtyyGG7StGzUCHHv7WjJkqa03/TW0lwVtSNSqY=', 'dYl46meloJ0FQZyCz+jfROeQuLueMxp4LGglPsH9GzxvokaxZpUmKYM5zgkAyp8ct8gTrkvd4moG1vhPpEu8ouF/yfMWU1z1YYItwh8z8UAM7xt0kw0uEJP2QXsHC64yXPlvw9n1GOH9LbxuhKhWTzzCD6aXrhX3s54IPQG1dOs=', 'sQoZE7LlnAi3nWaQHwoiBfAOaX1oI4RFiIzUU0nrVXWgtUMsM+XDYoE/Wg1QqMnhFep9k4tHC5Uxfw558c45urN6VpucMDmAzu2/gq99LkW/o4v1qi/2Pp/JwljkX/zTv2OSobEfROGMsXN1qHFGoOLSKtLjfJVOo0JzNasdfJk=', 115908936000, 115908936000, 
    NULL, 100, 1, 2, 1, 
    135, 240, 1, 0, 0, 
    0, TO_DATE('03/30/2016 11:45:46', 'MM/DD/YYYY HH24:MI:SS'), TO_DATE('03/31/2016 03:09:34', 'MM/DD/YYYY HH24:MI:SS'));
Insert into PENAWARAN
   (ID, WAKTU, NILAI_AKHIR, NILAI_TERENKRIPSI, NILAI_TERENKRIPSI2, 
    AMPLOP_ENKRIPSI_PENYEDIA, AMPLOP_ENKRIPSI_PANITIA, TANDA_TANGAN, NILAI_NEGOSIASI, NILAI_TERDEKRIPSI, 
    PEMBUKA_ENKRIPSI, NILAI_TEKNIS, URUTAN, URUTAN_TEKNIS, STATUS, 
    PERUSAHAAN_ID, PENGADAAN_ID, TIPE_PENAWARAN, FILE_BERKAS_ID, FILE_SESSION_ID, 
    STATE, CREATED_AT, UPDATED_AT)
 Values
   (347, TO_DATE('03/17/2016 04:52:51', 'MM/DD/YYYY HH24:MI:SS'), 9900000000, 'OW8rkzDLS+r5HUjKTg==', NULL, 
    'iFN5zN6E4iVAmf8Lt5Lkboko9sxnYgQG2lvoe+ljWC8GtwaLMH2dtyjUcmPaUQsioz/BTOfbv9qVs+tUR3n5w5Bu0Bek/hn0ETFB4IWO7/ToNb3bu9QcidHljR/0EFFGRfJn76L3vr9kyyc6go00t7s6Vn59N5tpK7PzbF5aE6E=', '2XWaDNwWtKDO5IhIsgHPUrI1P5JUtAhE4p1RKzdkRXKg/1Uq5c7vK6r6f7HE3zysXW8dy4/EXvmq0I82dI4YhPfl29IRFVi7hvfcAp33Medqo+J+B+Udsm7nvQ0USTSFDgf4suMd+RM4NwfSfQYfQBY1WihdaL+wsnGBNvKCYYs=', 'hCBj7/ow5rtKbuVLEDHLP7rOAuEnp6nhdqneFPiIEUArjGFzx/dBIxopGHPDqwxd4yuA1dIQUONUrDeqndY6A8a7n6plyxHePN9sAxXQebdO/mTZJRshbl00tmKOtWWQri+sOIiSbPTNxATk6x9i3FBlP8EqgpyTxf+U5ZWzoic=', 9900000000, 9900000000, 
    NULL, NULL, NULL, NULL, 1, 
    151, 227, 1, 0, 0, 
    0, TO_DATE('03/17/2016 04:52:51', 'MM/DD/YYYY HH24:MI:SS'), TO_DATE('03/17/2016 05:20:03', 'MM/DD/YYYY HH24:MI:SS'));
Insert into PENAWARAN
   (ID, WAKTU, NILAI_AKHIR, NILAI_TERENKRIPSI, NILAI_TERENKRIPSI2, 
    AMPLOP_ENKRIPSI_PENYEDIA, AMPLOP_ENKRIPSI_PANITIA, TANDA_TANGAN, NILAI_NEGOSIASI, NILAI_TERDEKRIPSI, 
    PEMBUKA_ENKRIPSI, NILAI_TEKNIS, URUTAN, URUTAN_TEKNIS, STATUS, 
    PERUSAHAAN_ID, PENGADAAN_ID, TIPE_PENAWARAN, FILE_BERKAS_ID, FILE_SESSION_ID, 
    STATE, CREATED_AT, UPDATED_AT)
 Values
   (352, TO_DATE('03/17/2016 09:55:25', 'MM/DD/YYYY HH24:MI:SS'), 244200000, 'abjF89o33wkblTzw', NULL, 
    'aQCSEiEHKUo1ItUKHl7O6z5fVZwSYFOlaODKMJb50TkZkaAfOx57pjRV0JuSrLU385f9MqD+cttaI9ybx7L/Pw5SPV7niUXTt3j50m39ZpcjJD3ZUhibpLEyygkVlR9v/lxV1sJlaDnlpq/B/Yg789ZQLae/z36EHw/loG7YHmU=', 'vZthPPPOkEm0PdXAdRcmwuaRUO5XryFSJ8y6vxmt9iNAnFo36yURrBIdP5/Jr+hz//lHrvDwFLJP7voG51RR3RMGHjCnCB5+M9BFQyPbwoTorhw9BuW5RGr6YdrgzWAUVU0OOII0/5nUphdun/DqEoCfERXW62PD6MkXU0MxJqY=', NULL, 244200000, 244200000, 
    NULL, NULL, 1, NULL, 2, 
    140, 228, 1, 0, 0, 
    0, TO_DATE('03/17/2016 09:55:25', 'MM/DD/YYYY HH24:MI:SS'), TO_DATE('03/17/2016 10:09:11', 'MM/DD/YYYY HH24:MI:SS'));
Insert into PENAWARAN
   (ID, WAKTU, NILAI_AKHIR, NILAI_TERENKRIPSI, NILAI_TERENKRIPSI2, 
    AMPLOP_ENKRIPSI_PENYEDIA, AMPLOP_ENKRIPSI_PANITIA, TANDA_TANGAN, NILAI_NEGOSIASI, NILAI_TERDEKRIPSI, 
    PEMBUKA_ENKRIPSI, NILAI_TEKNIS, URUTAN, URUTAN_TEKNIS, STATUS, 
    PERUSAHAAN_ID, PENGADAAN_ID, TIPE_PENAWARAN, FILE_BERKAS_ID, FILE_SESSION_ID, 
    STATE, CREATED_AT, UPDATED_AT)
 Values
   (353, TO_DATE('03/18/2016 07:54:36', 'MM/DD/YYYY HH24:MI:SS'), 495000000, 'gyr+J6w3S/JcTUVQ', NULL, 
    'O/H533DS+dhnzmgAXpnAEEseBgT7kdSAxo05Qo39X4qYc9NR3yi2b5JgoJt1TacjZOhSCiut/oP/qJ3+ngw9mCiex5GUZu53NlFPe9unFjFF1KKwTpD01Ozf7iih1MU/EJqvbstA0pRYbpPOrShQPHvdOrd0wN2/k9VBCb8m9HQ=', 'CVOvxuso55bzTVOFltDdufTL3pGWbzg7wQKD3fSOMji86+cRPgo0Bc3TktJH9jqNMK/rcY+B6EO6E4H9jjPSUC9FhWlAbnGyJohTQKZP9BpAc6CHDUsEhtB3gPT3oeMQ6WSEekIeMRZvpZM8oBloySjT7fFUz065C90TlQzljqA=', 'BkcMhoiPrkN69EIlPMN6Gzzu+RlRRRFiBSXjVytF8zBcy8dCuqCEN2CjSaowZmkH6CMy4F2BY6bXHhmS6GXKfpor2kZGjWDKFK8tojMQ1P0W0mRskF+X4sc2+i+25KGG9L1nXryiIx1cv8VfrwWB6dyldHhEB/yM9u4+Kp3Z7Gc=', 495000000, 495000000, 
    NULL, NULL, 1, NULL, 0, 
    149, 229, 1, 0, 0, 
    0, TO_DATE('03/18/2016 07:54:36', 'MM/DD/YYYY HH24:MI:SS'), TO_DATE('03/30/2016 13:47:12', 'MM/DD/YYYY HH24:MI:SS'));
Insert into PENAWARAN
   (ID, WAKTU, NILAI_AKHIR, NILAI_TERENKRIPSI, NILAI_TERENKRIPSI2, 
    AMPLOP_ENKRIPSI_PENYEDIA, AMPLOP_ENKRIPSI_PANITIA, TANDA_TANGAN, NILAI_NEGOSIASI, NILAI_TERDEKRIPSI, 
    PEMBUKA_ENKRIPSI, NILAI_TEKNIS, URUTAN, URUTAN_TEKNIS, STATUS, 
    PERUSAHAAN_ID, PENGADAAN_ID, TIPE_PENAWARAN, FILE_BERKAS_ID, FILE_SESSION_ID, 
    STATE, CREATED_AT, UPDATED_AT)
 Values
   (354, TO_DATE('03/18/2016 08:32:17', 'MM/DD/YYYY HH24:MI:SS'), NULL, 'DFMSMHmOjR7Iw6tU', NULL, 
    'OsI0Os5mSlL4k51YQIfkwTVrzTsrtQ5RPawpgK59BQh65xNYXoCPu6DdKteu8mWiD64aAPqT1kVbXceahLVp7aPM0Xy3yx7l0WzjhVp4kbYdIzHuptPnFVBV9XQ5oQivkY0BzH5ruz6UrbUM7W9P1pHiY/dabJLU+T1MLAmubnA=', 'zMCvazeMe0GtZt4ixBqiWatQ3/h0dOw3LPpach64S7cwmyMp2KhEaAN9xdoMKZdsIBMj216zSzpqgB7qmtVULU7j69PTDWxbPb+o7RXikOI7aAX5WKCYXayPDhpjsP2WzxfhvsA44e67NsSexGGlMJILmI83DzdRJTHJlGDyHRE=', 'AH91/G3m4fzA+sSLCttp5pm0/v8uVdv4xzKeBUsFxC5Sue7+hfCrgbV0H91VB3jDLUVf8NEgOzWEt5otgJJAnly5aeAvmykhk1Cy2+PP0FbzUFnMSkw8EVYnYmLBkbv75vF9DdJbhispTwRaR13RBnBLVRmSzHHBt/Xfrmi8flU=', NULL, NULL, 
    NULL, NULL, NULL, NULL, 0, 
    150, 229, 1, 0, 0, 
    0, TO_DATE('03/18/2016 08:32:17', 'MM/DD/YYYY HH24:MI:SS'), TO_DATE('03/18/2016 08:35:29', 'MM/DD/YYYY HH24:MI:SS'));
Insert into PENAWARAN
   (ID, WAKTU, NILAI_AKHIR, NILAI_TERENKRIPSI, NILAI_TERENKRIPSI2, 
    AMPLOP_ENKRIPSI_PENYEDIA, AMPLOP_ENKRIPSI_PANITIA, TANDA_TANGAN, NILAI_NEGOSIASI, NILAI_TERDEKRIPSI, 
    PEMBUKA_ENKRIPSI, NILAI_TEKNIS, URUTAN, URUTAN_TEKNIS, STATUS, 
    PERUSAHAAN_ID, PENGADAAN_ID, TIPE_PENAWARAN, FILE_BERKAS_ID, FILE_SESSION_ID, 
    STATE, CREATED_AT, UPDATED_AT)
 Values
   (355, TO_DATE('03/18/2016 08:39:31', 'MM/DD/YYYY HH24:MI:SS'), NULL, 'U4NYlxEV7JpNnExZ', NULL, 
    'owq8rJI0jkM+s+A0cIJsXrmALWqLo/8jkOmEnMq/Zx/AsomDrTJC+QxDeCSHNDl9diGSeCnyGXoFMlSWeB26IjzNhDLDJUhh7HbLd9/K+d9LMTE9brTZDh4sazQZgL5z1pMSTVFWS42UjsXHVexyi+CZtpE1wjrBo4l0VGKiBjE=', 'J7h+bznIruQOC4/VIakbiXL0rEVxCGAf+kMLs5AcAe9EUshCUMpdfbI77WHtAKc8VMIw3WzXs53yoclELeTqKeSj0ir9MJLhVlWu8OjonlvH5BiQwV7TYpYFuvGNoPx8eePDtEqfSoawe/KxdjRRT3NeCAj2uvY+Oi4Hgaakla4=', 'm995VGLfry8XnleVuoOoepPJuWAf0UUkA/i4y7YtNBAujMyE/FgIXWv9ym6PdfmbLSs0DgyvErmk31/iEF4vvDDMoIc3ViiBJ1v5wjfAV54UIWf8GBKrs7tikVkSwIOPGTbjJPYMKs+Z4J9w989ifkI4dh823mxa3mODpc3P9bg=', NULL, NULL, 
    NULL, NULL, NULL, NULL, 0, 
    151, 229, 1, 0, 0, 
    0, TO_DATE('03/18/2016 08:39:31', 'MM/DD/YYYY HH24:MI:SS'), TO_DATE('03/18/2016 08:43:53', 'MM/DD/YYYY HH24:MI:SS'));
Insert into PENAWARAN
   (ID, WAKTU, NILAI_AKHIR, NILAI_TERENKRIPSI, NILAI_TERENKRIPSI2, 
    AMPLOP_ENKRIPSI_PENYEDIA, AMPLOP_ENKRIPSI_PANITIA, TANDA_TANGAN, NILAI_NEGOSIASI, NILAI_TERDEKRIPSI, 
    PEMBUKA_ENKRIPSI, NILAI_TEKNIS, URUTAN, URUTAN_TEKNIS, STATUS, 
    PERUSAHAAN_ID, PENGADAAN_ID, TIPE_PENAWARAN, FILE_BERKAS_ID, FILE_SESSION_ID, 
    STATE, CREATED_AT, UPDATED_AT)
 Values
   (356, TO_DATE('03/18/2016 08:48:14', 'MM/DD/YYYY HH24:MI:SS'), NULL, 'gNKNuGDCa8wYn7Ao', NULL, 
    'TTDVx3BgRQuzKAHRQP1uG5zG5psDjTYxZqcetg8BrIcohafsgPX7SI24YN80S73bcLsnQzxLP9AtoLaDMINNCbGkDpPmqyRDMc3Tp2+TfRO0aCuD7rnY07B4D8UprtenGJUXcz7EpbIQzrMn9ubprGccml8eZjGigvCqJNP8rb0=', 'eDNEjbeesUYpHOi40+M8aDvh3FwO7b8gDRTTs4gI8dJ11oPvoil06U9nVhqaUY6JHffzXojEe4K0Aqfe1BauxzMZajjHmEXGNJSfF7E3y0eKzj39mklNu8N3YdcVpSVzWD9FpZQ/KM5WSZkmwPHNg9inw3TdRHPG6mQ7iiqcEYs=', 'EQ6SRejMbcg8Ybk0jmbjANG9UH3cKXkMw+dSA7ZBB/Jm/5Vu5PU7/s1u9PQpI6TE1wzOnbB3le7dGUHmcTcuX5465x7NV4eh8JF0GpuvsJzeM+98fgGCJAcQXJnFH2peiUTk7CIEJe5KGjDIoTWPB0avx3rcLAWLj4BA5GwdM4c=', NULL, NULL, 
    NULL, NULL, NULL, NULL, 0, 
    148, 229, 1, 0, 0, 
    0, TO_DATE('03/18/2016 08:48:14', 'MM/DD/YYYY HH24:MI:SS'), TO_DATE('03/18/2016 08:49:04', 'MM/DD/YYYY HH24:MI:SS'));
Insert into PENAWARAN
   (ID, WAKTU, NILAI_AKHIR, NILAI_TERENKRIPSI, NILAI_TERENKRIPSI2, 
    AMPLOP_ENKRIPSI_PENYEDIA, AMPLOP_ENKRIPSI_PANITIA, TANDA_TANGAN, NILAI_NEGOSIASI, NILAI_TERDEKRIPSI, 
    PEMBUKA_ENKRIPSI, NILAI_TEKNIS, URUTAN, URUTAN_TEKNIS, STATUS, 
    PERUSAHAAN_ID, PENGADAAN_ID, TIPE_PENAWARAN, FILE_BERKAS_ID, FILE_SESSION_ID, 
    STATE, CREATED_AT, UPDATED_AT)
 Values
   (357, TO_DATE('03/18/2016 08:54:07', 'MM/DD/YYYY HH24:MI:SS'), NULL, 'ifV9wOZMZVBTiN+y', NULL, 
    'hjtm+lj+YmhNkIYWPHWhusrpH53OWiWBLjIcsSUGKvMXJ9wj25+KV5baNCvWMQSP8xjK3f+ZUVrMj1hP7s5eSqYjjxMm8Tms1RdaHciwGSZFrWMBx8JG1/QNfI9pqCUN8sxbPBTEXkOth3+FXvKowjQJG7iEsx46cL+RyyyfWlo=', 'loEdJ1K7YbYAWMhuMBS/KPn/j1bkX0lMfaMCNXmZbN1pU9/fnbN5+HH2n1u5papl7YWtwmARaQFCKFmtBS8Nzn9K8ZCZr6yXT9yFLZPLleDEWHXSUJ3B6+LMsYRjZnD+EErKsVwiY5b0t8tUgNrHuyeQvIH3UEQdeDRSJFgobdU=', 'qW/7ytlLHhDiB8Yxd5m1Ci85mZW9cIf1u+2EEyZwaiaSMDP7VQXx+DopcoocQgpcKNNxvS9VS8FJqGvxo16FWeQXMaH6DbJVMrG9Uj2YkAiMEQ4qd2+RuuOm8+qrhElvf4DrfhB+etprTe+83HMry9DjXY1i28V7X3kcnnEIcpM=', NULL, NULL, 
    NULL, NULL, NULL, NULL, 0, 
    152, 229, 1, 0, 0, 
    0, TO_DATE('03/18/2016 08:54:07', 'MM/DD/YYYY HH24:MI:SS'), TO_DATE('03/18/2016 08:54:54', 'MM/DD/YYYY HH24:MI:SS'));
Insert into PENAWARAN
   (ID, WAKTU, NILAI_AKHIR, NILAI_TERENKRIPSI, NILAI_TERENKRIPSI2, 
    AMPLOP_ENKRIPSI_PENYEDIA, AMPLOP_ENKRIPSI_PANITIA, TANDA_TANGAN, NILAI_NEGOSIASI, NILAI_TERDEKRIPSI, 
    PEMBUKA_ENKRIPSI, NILAI_TEKNIS, URUTAN, URUTAN_TEKNIS, STATUS, 
    PERUSAHAAN_ID, PENGADAAN_ID, TIPE_PENAWARAN, FILE_BERKAS_ID, FILE_SESSION_ID, 
    STATE, CREATED_AT, UPDATED_AT)
 Values
   (358, TO_DATE('03/18/2016 08:58:10', 'MM/DD/YYYY HH24:MI:SS'), NULL, '1b2jkCHcBKVuZ0VB', NULL, 
    'TGF7nLzdNQiIRWyDVzyJ2OOW1rEg9PymiPRPjLXbYr0Gc/7TvEPhaIA8Oi9+kFBisTMlbb1/MQpilkwmfg/OLpEfSp6GTFS7r0xnw+vzGXMqbaDU5ylPocWQ6cOusc1FuYYEDfnrPiID6I9sjTMAVmwMqOVVn+1MyWUiFs35KF8=', 'LBkewPydef/cIFJ/7/FJ4XxOYrWUQbXyUOZqqteCQRaJauPWqNzquSX2VtWEuKjESTaouphKSrx+DpNjNE2fpxs8nBAXMGSN5gLsepTPCsFf/6kyy7tOsf6ncBDZ8zSDZTw7QSn40/9VYlcYL3pH4tvnTH2svsaljxK5kRYydQU=', 'iXfrBTTbk75Y9BTbpv967AUD0KmouYjn0sno5l10pBtVix0HRsFJgZK8hzLxdO/fCCZFp/XcZzSiyjWtIfwLTAOQp1Tsdxh2cIEdxPvkIAmBE1lzGozEpjvjJVrnNzP3jgDrHa1X0Sab/neN1dxqWAx5RKIOrg+MK4CVP0POZS4=', NULL, NULL, 
    NULL, NULL, NULL, NULL, 0, 
    147, 229, 1, 0, 0, 
    0, TO_DATE('03/18/2016 08:58:10', 'MM/DD/YYYY HH24:MI:SS'), TO_DATE('03/18/2016 08:59:28', 'MM/DD/YYYY HH24:MI:SS'));
Insert into PENAWARAN
   (ID, WAKTU, NILAI_AKHIR, NILAI_TERENKRIPSI, NILAI_TERENKRIPSI2, 
    AMPLOP_ENKRIPSI_PENYEDIA, AMPLOP_ENKRIPSI_PANITIA, TANDA_TANGAN, NILAI_NEGOSIASI, NILAI_TERDEKRIPSI, 
    PEMBUKA_ENKRIPSI, NILAI_TEKNIS, URUTAN, URUTAN_TEKNIS, STATUS, 
    PERUSAHAAN_ID, PENGADAAN_ID, TIPE_PENAWARAN, FILE_BERKAS_ID, FILE_SESSION_ID, 
    STATE, CREATED_AT, UPDATED_AT)
 Values
   (359, TO_DATE('03/18/2016 09:03:15', 'MM/DD/YYYY HH24:MI:SS'), NULL, NULL, NULL, 
    NULL, NULL, NULL, NULL, NULL, 
    NULL, NULL, NULL, NULL, 0, 
    140, 229, 0, 0, 0, 
    0, TO_DATE('03/18/2016 09:03:15', 'MM/DD/YYYY HH24:MI:SS'), TO_DATE('03/18/2016 09:03:15', 'MM/DD/YYYY HH24:MI:SS'));
Insert into PENAWARAN
   (ID, WAKTU, NILAI_AKHIR, NILAI_TERENKRIPSI, NILAI_TERENKRIPSI2, 
    AMPLOP_ENKRIPSI_PENYEDIA, AMPLOP_ENKRIPSI_PANITIA, TANDA_TANGAN, NILAI_NEGOSIASI, NILAI_TERDEKRIPSI, 
    PEMBUKA_ENKRIPSI, NILAI_TEKNIS, URUTAN, URUTAN_TEKNIS, STATUS, 
    PERUSAHAAN_ID, PENGADAAN_ID, TIPE_PENAWARAN, FILE_BERKAS_ID, FILE_SESSION_ID, 
    STATE, CREATED_AT, UPDATED_AT)
 Values
   (361, TO_DATE('03/18/2016 10:54:53', 'MM/DD/YYYY HH24:MI:SS'), 11000000, 'N2ry5j7cB3w3MUI=', NULL, 
    'KGxJO66qapc4ga0SlknrdI2pI9ZKgqD+5zEk1RjJNFAbKeJhyuFfXjTyfQhu39VmeFBhTaoiPN9EPXHyPs3nS5QOjUHR7laX4ofFRdeZwgI3V3eFC4BbwKuDw4lD435ic/8hCQsJ30lDth5WpGnwxt/E3+lRJyE8z0FHBdlhQy4=', 'eD7/yBQHTw42MhS5PHngkC65F5v31XB7pk2eqj7LPptHcEkt5VB5r0owf2beOl43A+bwNMezs6HJfDORQtsLbNdM2ePAYp/JfFv0ACJ6ms5PVARkjpzG6ui9b+vf5wvrVm+WPP72L27nQwiWk/dLKFCgkKjKMewc7H5Eqfg2k2o=', 'nPkLJkJLlN/eX5Z9y+I5rlwnzK3qXw8iBiJ3bEC5qZgX7XBt+kcbRenAeLcNYvD9YJcPH/4bxSDwTi7TCByv496ZgA9YVCOsnjb67dk8EfDyLaOncEWy6g4uR1qhNC9yamY8LD2e+DXcPIQ9a34LR6HYEj3ieM/FoZQHDaBwLl4=', 11000000, 11000000, 
    NULL, NULL, 1, NULL, 2, 
    135, 230, 1, 0, 0, 
    0, TO_DATE('03/18/2016 10:54:53', 'MM/DD/YYYY HH24:MI:SS'), TO_DATE('03/18/2016 11:06:43', 'MM/DD/YYYY HH24:MI:SS'));
Insert into PENAWARAN
   (ID, WAKTU, NILAI_AKHIR, NILAI_TERENKRIPSI, NILAI_TERENKRIPSI2, 
    AMPLOP_ENKRIPSI_PENYEDIA, AMPLOP_ENKRIPSI_PANITIA, TANDA_TANGAN, NILAI_NEGOSIASI, NILAI_TERDEKRIPSI, 
    PEMBUKA_ENKRIPSI, NILAI_TEKNIS, URUTAN, URUTAN_TEKNIS, STATUS, 
    PERUSAHAAN_ID, PENGADAAN_ID, TIPE_PENAWARAN, FILE_BERKAS_ID, FILE_SESSION_ID, 
    STATE, CREATED_AT, UPDATED_AT)
 Values
   (368, TO_DATE('03/28/2016 05:11:03', 'MM/DD/YYYY HH24:MI:SS'), 898832000, 'Dfl9IkLQ5P3YOy+s', NULL, 
    'uzYUKoWQvTuM1M/qc5sRqAGxBAA/yAdNx25qelx8ZKnZ6MUbPMMHl7TM5oE6xvAVtS2JYvqD7pzLWU4h02Hk0x9Tj1RkwVazg2oLpw3eCVRmlXZzvNfSfIAHv81D0CuP609Qsc0V42VEAIOcZKUihUaNgDllH4605YPLIH4lxWQ=', 'AbWQ4rmyKgW2Q/OQCj/tEfRGNuojq0SNnIZGf1oqEdAYN2DU343bDaWbE64u7Y++f8acqH79Rm6kZ08pfUpLJWx1gq7LGVp3ETRSrE8jkD1LtkXOtjFTd8+nxpukiQUmqXW84RCvBJE3T4xqT+ruZT5gYjeSmSj68hKk/6A1N4I=', 'Mz9erzDxdtkXwSLZx+66RA+9SrjTJZYvKZvTRa9P/cTT7Y4/86h9fYJWDaYm0aOa/FkzTMT4Vmf8jQFpfyKey8ZTDaxDMiua4KJTjyfl+AoKkLfCWfjjuBuxjLa2zPaEaRDqca4NAqS4leYZhCz4jYwt09A5TjyLpK1qUHRKCOY=', 898832000, 898832000, 
    NULL, 90, 2, 4, 1, 
    149, 238, 1, 0, 0, 
    0, TO_DATE('03/28/2016 05:11:04', 'MM/DD/YYYY HH24:MI:SS'), TO_DATE('03/28/2016 07:21:41', 'MM/DD/YYYY HH24:MI:SS'));
Insert into PENAWARAN
   (ID, WAKTU, NILAI_AKHIR, NILAI_TERENKRIPSI, NILAI_TERENKRIPSI2, 
    AMPLOP_ENKRIPSI_PENYEDIA, AMPLOP_ENKRIPSI_PANITIA, TANDA_TANGAN, NILAI_NEGOSIASI, NILAI_TERDEKRIPSI, 
    PEMBUKA_ENKRIPSI, NILAI_TEKNIS, URUTAN, URUTAN_TEKNIS, STATUS, 
    PERUSAHAAN_ID, PENGADAAN_ID, TIPE_PENAWARAN, FILE_BERKAS_ID, FILE_SESSION_ID, 
    STATE, CREATED_AT, UPDATED_AT)
 Values
   (369, TO_DATE('03/28/2016 05:19:37', 'MM/DD/YYYY HH24:MI:SS'), 902264000, 'cQFPBmr35E3QWi80', NULL, 
    'hnezRRiquMiV28avCy59OayxeigrELYFJv2VM6CohzA2KjuEQ3OjI9wwteVNhPk2UiPY0MVkd3CZqEtcMEE8UwJ08ZucZ8fEWxeRNdAWrigamxiEkgbrtpq9A0OpMT43rARCw16oZ9fzKh3K94bpiG1GaK+DtzTkyLxd2iAoFME=', 'bqVUtTnzx7IxSubDK6QJBbE2sC4nSiPRkfJq/oj2trjHLTxIML2u346kaNXjpE3qNj6BRIvpk8/cEtHpVKC3IXtd5G10U4Pj/UNEvv0L753Uq5PAYJNOtU/bvdrogPspy9g/bzSG5PsJPamWUXGCTmZFFI9L/podFv6OFgwQV00=', 'nmYssueS6cRQWMnLlyHXjO/obRE6ovqrZAx7yw7KB2zYsO1M+oNnMsfqvjj+XLP7ClcnYIq8ZP/hIp5k37oe74sxvwnTW+nREcK7ilFuh4DjXc2L0ksRzgUdIa7bp40X7LlPpaKwaxPVRfGNdJwgXM2XvLi9yZiWZ2LqEndcTv0=', 902264000, 902264000, 
    NULL, 90, 4, 6, 2, 
    150, 238, 1, 0, 0, 
    0, TO_DATE('03/28/2016 05:19:37', 'MM/DD/YYYY HH24:MI:SS'), TO_DATE('03/28/2016 07:21:41', 'MM/DD/YYYY HH24:MI:SS'));
Insert into PENAWARAN
   (ID, WAKTU, NILAI_AKHIR, NILAI_TERENKRIPSI, NILAI_TERENKRIPSI2, 
    AMPLOP_ENKRIPSI_PENYEDIA, AMPLOP_ENKRIPSI_PANITIA, TANDA_TANGAN, NILAI_NEGOSIASI, NILAI_TERDEKRIPSI, 
    PEMBUKA_ENKRIPSI, NILAI_TEKNIS, URUTAN, URUTAN_TEKNIS, STATUS, 
    PERUSAHAAN_ID, PENGADAAN_ID, TIPE_PENAWARAN, FILE_BERKAS_ID, FILE_SESSION_ID, 
    STATE, CREATED_AT, UPDATED_AT)
 Values
   (370, TO_DATE('03/28/2016 05:23:16', 'MM/DD/YYYY HH24:MI:SS'), 893151600, 'vjHRn8S69EnMBS2J', NULL, 
    'WeVluLtLr4hKUnAEXivrL+ND2aDFjT9sNtiqxzFNfVP/p0AnkzgnCiUAKOX1f2XgTeK+PfrsNV6YsnCSXbwku/p2vDMcjnhq8w6bu1yrjoErGqMjdLK5klvzG9uE919gY02SOiU2HdrSA4BF9kPlbLvzInR+jXnPscszw/xmAT4=', 'Y0gpH5KOfHbQ74YcxajCzWQr8oQ+cxLGFwHzA1YDppAahMeAsknGevFsVoLzqI9KaUdGKHgrKmivEfZlmr6zciP+SMeVmmkuQaQeqeU+aBy9TLp3jyixzAA6sfGxKfKL57muTuP7JK3+qimr/3ru2ohtpfbu29M1aHbP0E1oGkc=', 'R2jvgDN2Ak/A2nVYwnOmAs6q2RgPStz54MEYv7b4W9vJKMjOOG3rvCOh4T1mS9KxcJ5SLPRYpea66cPrmbbo2uf3jNCK1tKqa2/XpglqSSnMtG1GIDh/jmFNK6wZdanRXgpybRlCa1wGW+hg0K4wEaDpd7Q7uSPLPeCwXG4H8Bc=', 893151600, 893151600, 
    NULL, 90, 1, 3, 2, 
    151, 238, 1, 0, 0, 
    0, TO_DATE('03/28/2016 05:23:16', 'MM/DD/YYYY HH24:MI:SS'), TO_DATE('03/31/2016 04:28:57', 'MM/DD/YYYY HH24:MI:SS'));
Insert into PENAWARAN
   (ID, WAKTU, NILAI_AKHIR, NILAI_TERENKRIPSI, NILAI_TERENKRIPSI2, 
    AMPLOP_ENKRIPSI_PENYEDIA, AMPLOP_ENKRIPSI_PANITIA, TANDA_TANGAN, NILAI_NEGOSIASI, NILAI_TERDEKRIPSI, 
    PEMBUKA_ENKRIPSI, NILAI_TEKNIS, URUTAN, URUTAN_TEKNIS, STATUS, 
    PERUSAHAAN_ID, PENGADAAN_ID, TIPE_PENAWARAN, FILE_BERKAS_ID, FILE_SESSION_ID, 
    STATE, CREATED_AT, UPDATED_AT)
 Values
   (351, TO_DATE('03/17/2016 09:09:08', 'MM/DD/YYYY HH24:MI:SS'), 366300000, 'a4TM+0ThyYnElloO', NULL, 
    'seDlGitUpGsK5OP787ZGtm09sIx0VQ97Rlyl296k+0KarsBNJT9EifHRKjHHan1HeXktfx7c+8Re+CwJEr4M2bDcCmce9sVlYTldBM9yxftbiPNGpvnmDbBBFqEBAngrhshth6tSeT0DMbWHbu+RUFClVwF0wzrI9Ppfr6O2gwg=', 'PfkVwnbRXNKwV3CerSqYmBY4N5IrgvBah13WjfcFqpKzFwIfb5NDP8kZxfACo78UQEKkLF7Uymw47+xaD0TJW7SrXJbMpJdEO0YeEpdQBMVhzmYSMcEjsRRZbe2pwvC9oBwJRjn6vU50CyR7Kj4QMKLcjnyKsZVso5Fp0BolJaE=', 'xNY/dHsYRP/Cfd3JuNviuIzz2rFAWagj92M8Oh5VSSa4pob/huJV0vCqoKmS5T3HWIdh7emlaNF/PlY67ReLndOGEYb0vjjEisEhrbSwcrU2KI/dnoBSdvcqaldc+1+p+8pz+RE7X1rxeKf7onMU7K0RJSVu7sseiwK1f34QRaA=', 366300000, 366300000, 
    NULL, NULL, 2, NULL, 0, 
    147, 228, 1, 0, 0, 
    0, TO_DATE('03/17/2016 09:09:08', 'MM/DD/YYYY HH24:MI:SS'), TO_DATE('03/17/2016 10:08:48', 'MM/DD/YYYY HH24:MI:SS'));
Insert into PENAWARAN
   (ID, WAKTU, NILAI_AKHIR, NILAI_TERENKRIPSI, NILAI_TERENKRIPSI2, 
    AMPLOP_ENKRIPSI_PENYEDIA, AMPLOP_ENKRIPSI_PANITIA, TANDA_TANGAN, NILAI_NEGOSIASI, NILAI_TERDEKRIPSI, 
    PEMBUKA_ENKRIPSI, NILAI_TEKNIS, URUTAN, URUTAN_TEKNIS, STATUS, 
    PERUSAHAAN_ID, PENGADAAN_ID, TIPE_PENAWARAN, FILE_BERKAS_ID, FILE_SESSION_ID, 
    STATE, CREATED_AT, UPDATED_AT)
 Values
   (371, TO_DATE('03/28/2016 05:29:11', 'MM/DD/YYYY HH24:MI:SS'), 899910000, 'D5Da6EI6daJDHMT+', NULL, 
    'jX7MI5kzLLgqw8FfMOAOUmlPqHdjOrSngHSgX+BaFIapxQbXGTF2p7EJafhrGQw1KYMNwa4pHsyz+ba+oSjMSnD7GvmA1O/TKQvGpiWPUW3LBVY0abdVVQHzuBvTlkdRl12ZajVwL3t1MC/+MmfLLvSOPwBQjn5xrw3uNchfWHs=', 'zz3EdrFvVlJ8fTRc9LNrbWtIjkrdhyreMYCnChz8e8fjvNuCwF8tgNP0hag0bf6CmnBocAqjv6y0WtogDVoRqHm0pYYnGsIbXLw+syjXVt9PMnpdxnbgDHdyoEejxgpJ4IVaUGdA+0x5nZphXFeQe4MSNrUlXNnZmHuO2Pv5RnU=', 'IV3VfB59lRd8nHEEGXZ9sEl/tlCfNwoPwhMUhT9HW3zx8LOzeUJkdTDg+wsSGQcDVClDgoqjvEH47N38HRCH6jtochjR1xugiAQKarI3VaZkIsmFPX+y66udm5wIotR3JdiVglPF16w4PvVcfaWu2LJofLGHfmU/shPOhQaM9wU=', 899910000, 899910000, 
    NULL, 90, 3, 5, 1, 
    148, 238, 1, 0, 0, 
    0, TO_DATE('03/28/2016 05:29:11', 'MM/DD/YYYY HH24:MI:SS'), TO_DATE('03/28/2016 07:21:41', 'MM/DD/YYYY HH24:MI:SS'));
Insert into PENAWARAN
   (ID, WAKTU, NILAI_AKHIR, NILAI_TERENKRIPSI, NILAI_TERENKRIPSI2, 
    AMPLOP_ENKRIPSI_PENYEDIA, AMPLOP_ENKRIPSI_PANITIA, TANDA_TANGAN, NILAI_NEGOSIASI, NILAI_TERDEKRIPSI, 
    PEMBUKA_ENKRIPSI, NILAI_TEKNIS, URUTAN, URUTAN_TEKNIS, STATUS, 
    PERUSAHAAN_ID, PENGADAAN_ID, TIPE_PENAWARAN, FILE_BERKAS_ID, FILE_SESSION_ID, 
    STATE, CREATED_AT, UPDATED_AT)
 Values
   (372, TO_DATE('03/28/2016 05:36:27', 'MM/DD/YYYY HH24:MI:SS'), 890773400, 'H+AmbjxnbEKlmqqh', NULL, 
    '0XsmHApALgcPmSV9Mz6yXbnhWwKlQpp/hz2tra8tUTXJedgnLeh8D1M5eBPLGKJ6gr+cDQQW7xFmiUAPamELdAI+/cxvxE07bFcG/gP99hSITXX2y2EtELyssIo7WDcSLnG7s0+BOmcekQgT6awFIqiwO+yqBZtsluXbs+BSpmI=', 'CLxG7bVevThECQWW/JYbhwLspzY7aZe7RVHahwAX2JDZ6lnJoZBIqj9y2XgbxdV8l61UU1UnlndfPZhkEgnAHtiPUxfslB9gBoF2nomiRu1QrH9+gOM8xwWZGGVsRZE2S39jlqNuadQqAjFheWsRWmJBLtRDPM0oZp9TxrG+sWI=', 'qVxvI9GNIXOEO30b+1okJC+zkinJXwvZvCh+pfYM+utXJx6wcKDWUivfYrqU9FtG1724n9UWsXJ8xi7czOJ03O6WypB5sDX2UpxEABt43C5U7XE7UC8CsDK6oQdEkH0VJTiihDX/mlDaRhW9q1v06ag9hH/VG7Q9vLufhfn4CCo=', 890773400, 890773400, 
    NULL, 90, NULL, 2, 1, 
    152, 238, 1, 0, 0, 
    0, TO_DATE('03/28/2016 05:36:27', 'MM/DD/YYYY HH24:MI:SS'), TO_DATE('03/28/2016 07:21:41', 'MM/DD/YYYY HH24:MI:SS'));
Insert into PENAWARAN
   (ID, WAKTU, NILAI_AKHIR, NILAI_TERENKRIPSI, NILAI_TERENKRIPSI2, 
    AMPLOP_ENKRIPSI_PENYEDIA, AMPLOP_ENKRIPSI_PANITIA, TANDA_TANGAN, NILAI_NEGOSIASI, NILAI_TERDEKRIPSI, 
    PEMBUKA_ENKRIPSI, NILAI_TEKNIS, URUTAN, URUTAN_TEKNIS, STATUS, 
    PERUSAHAAN_ID, PENGADAAN_ID, TIPE_PENAWARAN, FILE_BERKAS_ID, FILE_SESSION_ID, 
    STATE, CREATED_AT, UPDATED_AT)
 Values
   (373, TO_DATE('03/28/2016 05:43:47', 'MM/DD/YYYY HH24:MI:SS'), 896200800, 'x4i2Oo8giHwgiYw8', NULL, 
    'MVYVMVLMDaji3J1M9XoKJY/XQzhIeY/s+MDYQuz5Or3MigDh59UezbUaajD2X8ompXl/vkkBM24QxQPRR2terHkwso8Zs6Ovll2dQQMwopf71fB2J0l2DUzMUOGcettMS2wA5av1PbDadbfrENU+c5Pio7uWjxgIfpRrlRJp3+M=', 'MHTqmKwNQDQuK5wXQt/G4vedNU2EUs9QDk12b/awWnV79E45Aw1pCCWod1yF5LVCMhjjVJdyVc9gND6ruvvyc1mqJuXCy36TltVg/zpb6ZvX1oiFLxPxIbrm8hucqfPInebpGBC4AZGwhwud983MsaUsLYLOKWp7H2lyh+z7Q2Q=', NULL, 896200800, 896200800, 
    NULL, NULL, NULL, NULL, 2, 
    140, 238, 1, 0, 0, 
    0, TO_DATE('03/28/2016 05:43:47', 'MM/DD/YYYY HH24:MI:SS'), TO_DATE('03/28/2016 07:13:26', 'MM/DD/YYYY HH24:MI:SS'));
Insert into PENAWARAN
   (ID, WAKTU, NILAI_AKHIR, NILAI_TERENKRIPSI, NILAI_TERENKRIPSI2, 
    AMPLOP_ENKRIPSI_PENYEDIA, AMPLOP_ENKRIPSI_PANITIA, TANDA_TANGAN, NILAI_NEGOSIASI, NILAI_TERDEKRIPSI, 
    PEMBUKA_ENKRIPSI, NILAI_TEKNIS, URUTAN, URUTAN_TEKNIS, STATUS, 
    PERUSAHAAN_ID, PENGADAAN_ID, TIPE_PENAWARAN, FILE_BERKAS_ID, FILE_SESSION_ID, 
    STATE, CREATED_AT, UPDATED_AT)
 Values
   (374, TO_DATE('03/28/2016 05:47:40', 'MM/DD/YYYY HH24:MI:SS'), 890771200, 'ZwofaF2xn0rgWz3D', NULL, 
    'xNzm5iqBVa3NWF7vAJkLXdXD0yQEUkrK6bQATPhnz4rAxGDfxfVVZ9vge1xviOb+2j7jfKoth5VjFtjJdH6AeA2biGFMyQoQu6BobCLzLsaMhjVIRjOG0pznywKY25lPYifs98JaJD5Eu0VJw3G0s0zNwndZ6bsZNBWUJUX5kGM=', 'RqpMKIztBg8Cu5E+nx4FbJfVUIc8cYzhsJVMXexLI426tBHTwDOtOGwEm4RnNzHCR1yusSCN8LLZ09Z4XldjFxBSv+bL8kMM4nmvgm28a8Rq/d6J0Buubh95KyJJSXVlst5QUQfJHc1iVkfJNgAcINPKAYwSL8y6EPFN62NV1Yk=', 't3PJTFz6t+ScXjnv8DxqbIeOWAku/QeyJ3LiRRjdnhGK4s2mIWIJn/feRxTvAY86cPtvNdR0YJty9MWuvjHmb9WoxEYTAuxPZiV2QFi77Uz0dnEzq2BhvWIndBiYP9+AoHSPPgatdAE/hhwJUBNlDFlRxOEeCDmZNA+4SAX2ZGE=', 890771200, 890771200, 
    NULL, 90, NULL, 1, 1, 
    147, 238, 1, 0, 0, 
    0, TO_DATE('03/28/2016 05:47:40', 'MM/DD/YYYY HH24:MI:SS'), TO_DATE('03/28/2016 07:22:04', 'MM/DD/YYYY HH24:MI:SS'));
Insert into PENAWARAN
   (ID, WAKTU, NILAI_AKHIR, NILAI_TERENKRIPSI, NILAI_TERENKRIPSI2, 
    AMPLOP_ENKRIPSI_PENYEDIA, AMPLOP_ENKRIPSI_PANITIA, TANDA_TANGAN, NILAI_NEGOSIASI, NILAI_TERDEKRIPSI, 
    PEMBUKA_ENKRIPSI, NILAI_TEKNIS, URUTAN, URUTAN_TEKNIS, STATUS, 
    PERUSAHAAN_ID, PENGADAAN_ID, TIPE_PENAWARAN, FILE_BERKAS_ID, FILE_SESSION_ID, 
    STATE, CREATED_AT, UPDATED_AT)
 Values
   (350, TO_DATE('03/17/2016 09:07:41', 'MM/DD/YYYY HH24:MI:SS'), 488400000, 'hQgzq4KKLeg1xC1K', NULL, 
    'ZlfrHGA0nm4viaQBrwVsAgK7b7lNXbU2ZDLM9hyPR2UyI8BwjIphjUKLv6B/hYzeZ/G0dG60ZIlOLJb4z8ux5Jre/5z+MJ8Y7s4FuWilo904inJUY5rW/roIdh4CCdRKqRIdB6BC+2kO04XxmlGU09TFTIhTak2B4V04fgdi2lE=', 'oKz6gTxjpoBcG42bk+lr/CtNW4WYjMfCEK8jI9kPeMoRfVd+tRqOJBgPy3DR85LA1EgMpQNScOT2CTJBOM14HdACav2Ao02XIVL5bWIZg0S89BQR2FDD7Yw7oUpuCMSyTrQFNID6pvjy74Sy+AUz4jv3MUJzvnkQ9g0lR2T6Mq0=', 'nE1UFA2YPYm94RIyT4Uta4fBI7nwdZqB4FGu+2tTEI8o6fhJs/A6nqSuXITGBuJ3XfxgNr1Gu3s+7mNWs8nWDQNEna4f+xXUovGOaAm6L+ids8oM+ZCeN9y5LFQxJf4D0Oen5c1ldpCggZ6rnf9W3IPsn48AJ8kfaPuFFAVrEg0=', 488400000, 488400000, 
    NULL, NULL, 3, NULL, 0, 
    135, 228, 1, 0, 0, 
    0, TO_DATE('03/17/2016 09:07:41', 'MM/DD/YYYY HH24:MI:SS'), TO_DATE('03/17/2016 10:08:26', 'MM/DD/YYYY HH24:MI:SS'));
COMMIT;

SET DEFINE OFF;
Insert into PENGADAAN
   (ID, WAKTU, ANGGARAN, HPS, BOBOT_TEKNIS, 
    BATAS_LULUS, STATUS_UMUM, METODE_KONTRAK, PENJELASAN_TAMBAHAN, EMAIL_KETUA_PANITIA, 
    KUNCI_PUBLIK, STATUS_BOLEH_MEMBUKA_PENAWARAN, STATUS, KLASIFIKASI_ID, BIDANG_ID, 
    METODE_PENGADAAN_ID, USER_ID, PEKERJAAN_ID, PERIODE_ID, SATUAN_KERJA_ID, 
    PENGGUNA_ANGGARAN_ID, PPK_ID, STATE, CREATED_AT, UPDATED_AT, 
    AANWIJZING_TIM_TEKNIS)
 Values
   (227, TO_DATE('03/17/2016 04:49:00', 'MM/DD/YYYY HH24:MI:SS'), 10000005000, 10000005000, NULL, 
    NULL, 0, 2, NULL, 'ekoprast15@gmail.com', 
    '-----BEGIN CERTIFICATE-----
MIIDlzCCAwCgAwIBAgIBTTANBgkqhkiG9w0BAQUFADCBlDELMAkGA1UEBhMCSUQx
EzARBgNVBAgTCkphd2EgVGltdXIxEzARBgNVBAcTCkphd2EgVGltdXIxDzANBgNV
BAoTBlBUUE4gWDEMMAoGA1UECxMDUEJKMRcwFQYDVQQDEw5pcHMucHRwbjEwLmNv
bTEjMCEGCSqGSIb3DQEJARYUYWRtaW5AaXBzLnB0cG4xMC5jb20wHhcNMTYwMjI2
MDI0NTUxWhcNMzYwMjIxMDI0NTUxWjCBljELMAkGA1UEBhMCSUQxEzARBgNVBAgT
CkpBV0EgVElNVVIxETAPBgNVBAcTCFNVUkFCQVlBMQ8wDQYDVQQKEwZQVFBOIFgx
EjAQBgNVBAsTCVBFTkdBREFBTjEVMBMGA1UEAxMMZWtvcHJhc3QgKC0pMSMwIQYJ
KoZIhvcNAQkBFhRla29wcmFzdDE1QGdtYWlsLmNvbTCBnzANBgkqhkiG9w0BAQEF
AAOBjQAwgYkCgYEA2eebxznIVz/sXU6KnBYWTQFuoDTeAokNU0JkcZ7wwOJwv4vl
T7NVZUofE5um3QfrzUJujCT8qyLJB5QXI7rZuXATQVkKZ4e6lma9IhyMrAUC4Wd3
vKQhtbF8d8CmL5ZLieiky3In3msyCecuAslwuSqxlAO9PpVULzMyzZOiFgECAwEA
AaOB9DCB8TAdBgNVHQ4EFgQUKlYY4EMtLMinqKAtzaDFhxatNGIwgcEGA1UdIwSB
uTCBtoAUPsugi+q5/jLJtO0r4lmHIQkw1yGhgZqkgZcwgZQxCzAJBgNVBAYTAklE
MRMwEQYDVQQIEwpKYXdhIFRpbXVyMRMwEQYDVQQHEwpKYXdhIFRpbXVyMQ8wDQYD
VQQKEwZQVFBOIFgxDDAKBgNVBAsTA1BCSjEXMBUGA1UEAxMOaXBzLnB0cG4xMC5j
b20xIzAhBgkqhkiG9w0BCQEWFGFkbWluQGlwcy5wdHBuMTAuY29tggEAMAwGA1Ud
EwQFMAMBAf8wDQYJKoZIhvcNAQEFBQADgYEAlxMbVVLVOga/aFhjMgqEWL3oZj6+
mvbX3mopgUF/PHOQo0QyQdZKtdqHHzh71D/L1Z1xFwVJJcAqeCOON46dKvL7wqwG
E6Us5MFy3i5vrKNxzucP6MpdESw6sj1k4Ka2OrohnaalAdDa5GRkpfvd7ofn7hBi
mvIl+/7vhkbQNXc=
-----END CERTIFICATE-----
', 0, 3, 3, 3, 
    43, NULL, 845, NULL, 1, 
    108, NULL, NULL, TO_DATE('03/17/2016 04:49:33', 'MM/DD/YYYY HH24:MI:SS'), TO_DATE('03/17/2016 05:22:00', 'MM/DD/YYYY HH24:MI:SS'), 
    NULL);
Insert into PENGADAAN
   (ID, WAKTU, ANGGARAN, HPS, BOBOT_TEKNIS, 
    BATAS_LULUS, STATUS_UMUM, METODE_KONTRAK, PENJELASAN_TAMBAHAN, EMAIL_KETUA_PANITIA, 
    KUNCI_PUBLIK, STATUS_BOLEH_MEMBUKA_PENAWARAN, STATUS, KLASIFIKASI_ID, BIDANG_ID, 
    METODE_PENGADAAN_ID, USER_ID, PEKERJAAN_ID, PERIODE_ID, SATUAN_KERJA_ID, 
    PENGGUNA_ANGGARAN_ID, PPK_ID, STATE, CREATED_AT, UPDATED_AT, 
    AANWIJZING_TIM_TEKNIS)
 Values
   (230, TO_DATE('03/18/2016 10:49:00', 'MM/DD/YYYY HH24:MI:SS'), 550000000, 550000000, NULL, 
    NULL, 0, 1, NULL, 'ndutatiz@gmail.com', 
    '-----BEGIN CERTIFICATE-----
MIIDnDCCAwWgAwIBAgIBTTANBgkqhkiG9w0BAQUFADCBlDELMAkGA1UEBhMCSUQx
EzARBgNVBAgTCkphd2EgVGltdXIxEzARBgNVBAcTCkphd2EgVGltdXIxDzANBgNV
BAoTBlBUUE4gWDEMMAoGA1UECxMDUEJKMRcwFQYDVQQDEw5pcHMucHRwbjEwLmNv
bTEjMCEGCSqGSIb3DQEJARYUYWRtaW5AaXBzLnB0cG4xMC5jb20wHhcNMTYwMjA5
MDU0MTA5WhcNMzYwMjA0MDU0MTA5WjCBmzELMAkGA1UEBhMCSUQxEzARBgNVBAgT
CkpBV0EgVElNVVIxETAPBgNVBAcTCFNVUkFCQVlBMQ8wDQYDVQQKEwZQVFBOIFgx
EjAQBgNVBAsTCVBFTkdBREFBTjEcMBoGA1UEAxMTYXRpeiAoS0FOVE9SIFBVU0FU
KTEhMB8GCSqGSIb3DQEJARYSbmR1dGF0aXpAZ21haWwuY29tMIGfMA0GCSqGSIb3
DQEBAQUAA4GNADCBiQKBgQDQ/y2XVF5TfTfkFCquRl8qjCZjCF1Ex7+Xa1AYXUlU
9RXAQgYbvBpqfkLS1EAmTrmhfP7NSTOt8z1D2T1tVy9cvkTbGYQ3b5Qo0FLYEJjB
/UUMbK3zvkf3Kh1HU1kW+Ak3gBHOpelzoC4ftVXU4K9Az5xyygOm1UM/g/d/X4kK
uwIDAQABo4H0MIHxMB0GA1UdDgQWBBRQiesB6t8Mq1gr/6NeiuAJ4FAP0TCBwQYD
VR0jBIG5MIG2gBQ+y6CL6rn+Msm07SviWYchCTDXIaGBmqSBlzCBlDELMAkGA1UE
BhMCSUQxEzARBgNVBAgTCkphd2EgVGltdXIxEzARBgNVBAcTCkphd2EgVGltdXIx
DzANBgNVBAoTBlBUUE4gWDEMMAoGA1UECxMDUEJKMRcwFQYDVQQDEw5pcHMucHRw
bjEwLmNvbTEjMCEGCSqGSIb3DQEJARYUYWRtaW5AaXBzLnB0cG4xMC5jb22CAQAw
DAYDVR0TBAUwAwEB/zANBgkqhkiG9w0BAQUFAAOBgQBl28NnmBLByq0aS/aoNBNR
Wn8AZc7ukOFnrrafjc8ms54iJZ8KbRTujxr+rWLest0GtkTxCuK3h4zDvr+xtONX
jMsr/OtDeZyw3Q23VU2dTImMU7w15DZ4FULDIppZKXc+N6qSRVBXEWp2R5Jw1MgA
sZO+ewTCOktCWZf101r4PA==
-----END CERTIFICATE-----
', 0, 3, 3, 3, 
    40, NULL, 851, NULL, 1, 
    112, NULL, NULL, TO_DATE('03/18/2016 10:49:50', 'MM/DD/YYYY HH24:MI:SS'), TO_DATE('03/18/2016 11:18:04', 'MM/DD/YYYY HH24:MI:SS'), 
    NULL);
Insert into PENGADAAN
   (ID, WAKTU, ANGGARAN, HPS, BOBOT_TEKNIS, 
    BATAS_LULUS, STATUS_UMUM, METODE_KONTRAK, PENJELASAN_TAMBAHAN, EMAIL_KETUA_PANITIA, 
    KUNCI_PUBLIK, STATUS_BOLEH_MEMBUKA_PENAWARAN, STATUS, KLASIFIKASI_ID, BIDANG_ID, 
    METODE_PENGADAAN_ID, USER_ID, PEKERJAAN_ID, PERIODE_ID, SATUAN_KERJA_ID, 
    PENGGUNA_ANGGARAN_ID, PPK_ID, STATE, CREATED_AT, UPDATED_AT, 
    AANWIJZING_TIM_TEKNIS)
 Values
   (231, TO_DATE('03/18/2016 11:07:00', 'MM/DD/YYYY HH24:MI:SS'), 15000000, 15000000, NULL, 
    NULL, 0, 1, NULL, 'ndutatiz@gmail.com', 
    '-----BEGIN CERTIFICATE-----
MIIDnDCCAwWgAwIBAgIBTTANBgkqhkiG9w0BAQUFADCBlDELMAkGA1UEBhMCSUQx
EzARBgNVBAgTCkphd2EgVGltdXIxEzARBgNVBAcTCkphd2EgVGltdXIxDzANBgNV
BAoTBlBUUE4gWDEMMAoGA1UECxMDUEJKMRcwFQYDVQQDEw5pcHMucHRwbjEwLmNv
bTEjMCEGCSqGSIb3DQEJARYUYWRtaW5AaXBzLnB0cG4xMC5jb20wHhcNMTYwMjA5
MDU0MTA5WhcNMzYwMjA0MDU0MTA5WjCBmzELMAkGA1UEBhMCSUQxEzARBgNVBAgT
CkpBV0EgVElNVVIxETAPBgNVBAcTCFNVUkFCQVlBMQ8wDQYDVQQKEwZQVFBOIFgx
EjAQBgNVBAsTCVBFTkdBREFBTjEcMBoGA1UEAxMTYXRpeiAoS0FOVE9SIFBVU0FU
KTEhMB8GCSqGSIb3DQEJARYSbmR1dGF0aXpAZ21haWwuY29tMIGfMA0GCSqGSIb3
DQEBAQUAA4GNADCBiQKBgQDQ/y2XVF5TfTfkFCquRl8qjCZjCF1Ex7+Xa1AYXUlU
9RXAQgYbvBpqfkLS1EAmTrmhfP7NSTOt8z1D2T1tVy9cvkTbGYQ3b5Qo0FLYEJjB
/UUMbK3zvkf3Kh1HU1kW+Ak3gBHOpelzoC4ftVXU4K9Az5xyygOm1UM/g/d/X4kK
uwIDAQABo4H0MIHxMB0GA1UdDgQWBBRQiesB6t8Mq1gr/6NeiuAJ4FAP0TCBwQYD
VR0jBIG5MIG2gBQ+y6CL6rn+Msm07SviWYchCTDXIaGBmqSBlzCBlDELMAkGA1UE
BhMCSUQxEzARBgNVBAgTCkphd2EgVGltdXIxEzARBgNVBAcTCkphd2EgVGltdXIx
DzANBgNVBAoTBlBUUE4gWDEMMAoGA1UECxMDUEJKMRcwFQYDVQQDEw5pcHMucHRw
bjEwLmNvbTEjMCEGCSqGSIb3DQEJARYUYWRtaW5AaXBzLnB0cG4xMC5jb22CAQAw
DAYDVR0TBAUwAwEB/zANBgkqhkiG9w0BAQUFAAOBgQBl28NnmBLByq0aS/aoNBNR
Wn8AZc7ukOFnrrafjc8ms54iJZ8KbRTujxr+rWLest0GtkTxCuK3h4zDvr+xtONX
jMsr/OtDeZyw3Q23VU2dTImMU7w15DZ4FULDIppZKXc+N6qSRVBXEWp2R5Jw1MgA
sZO+ewTCOktCWZf101r4PA==
-----END CERTIFICATE-----
', 0, 2, 3, 3, 
    30, NULL, 848, NULL, 1, 
    112, NULL, NULL, TO_DATE('03/18/2016 11:07:07', 'MM/DD/YYYY HH24:MI:SS'), TO_DATE('03/18/2016 11:15:41', 'MM/DD/YYYY HH24:MI:SS'), 
    NULL);
Insert into PENGADAAN
   (ID, WAKTU, ANGGARAN, HPS, BOBOT_TEKNIS, 
    BATAS_LULUS, STATUS_UMUM, METODE_KONTRAK, PENJELASAN_TAMBAHAN, EMAIL_KETUA_PANITIA, 
    KUNCI_PUBLIK, STATUS_BOLEH_MEMBUKA_PENAWARAN, STATUS, KLASIFIKASI_ID, BIDANG_ID, 
    METODE_PENGADAAN_ID, USER_ID, PEKERJAAN_ID, PERIODE_ID, SATUAN_KERJA_ID, 
    PENGGUNA_ANGGARAN_ID, PPK_ID, STATE, CREATED_AT, UPDATED_AT, 
    AANWIJZING_TIM_TEKNIS)
 Values
   (234, TO_DATE('03/21/2016 10:13:00', 'MM/DD/YYYY HH24:MI:SS'), 670000000, 670000000, NULL, 
    NULL, 0, 1, NULL, NULL, 
    NULL, 0, 0, 3, 3, 
    44, NULL, 857, NULL, 1, 
    112, NULL, NULL, TO_DATE('03/22/2016 04:14:39', 'MM/DD/YYYY HH24:MI:SS'), TO_DATE('03/22/2016 04:14:39', 'MM/DD/YYYY HH24:MI:SS'), 
    NULL);
Insert into PENGADAAN
   (ID, WAKTU, ANGGARAN, HPS, BOBOT_TEKNIS, 
    BATAS_LULUS, STATUS_UMUM, METODE_KONTRAK, PENJELASAN_TAMBAHAN, EMAIL_KETUA_PANITIA, 
    KUNCI_PUBLIK, STATUS_BOLEH_MEMBUKA_PENAWARAN, STATUS, KLASIFIKASI_ID, BIDANG_ID, 
    METODE_PENGADAAN_ID, USER_ID, PEKERJAAN_ID, PERIODE_ID, SATUAN_KERJA_ID, 
    PENGGUNA_ANGGARAN_ID, PPK_ID, STATE, CREATED_AT, UPDATED_AT, 
    AANWIJZING_TIM_TEKNIS)
 Values
   (235, TO_DATE('03/22/2016 04:28:00', 'MM/DD/YYYY HH24:MI:SS'), 5625000000000, 5625000000000, NULL, 
    NULL, 0, 1, NULL, 'ndutatiz@gmail.com', 
    '-----BEGIN CERTIFICATE-----
MIIDnDCCAwWgAwIBAgIBTTANBgkqhkiG9w0BAQUFADCBlDELMAkGA1UEBhMCSUQx
EzARBgNVBAgTCkphd2EgVGltdXIxEzARBgNVBAcTCkphd2EgVGltdXIxDzANBgNV
BAoTBlBUUE4gWDEMMAoGA1UECxMDUEJKMRcwFQYDVQQDEw5pcHMucHRwbjEwLmNv
bTEjMCEGCSqGSIb3DQEJARYUYWRtaW5AaXBzLnB0cG4xMC5jb20wHhcNMTYwMjA5
MDU0MTA5WhcNMzYwMjA0MDU0MTA5WjCBmzELMAkGA1UEBhMCSUQxEzARBgNVBAgT
CkpBV0EgVElNVVIxETAPBgNVBAcTCFNVUkFCQVlBMQ8wDQYDVQQKEwZQVFBOIFgx
EjAQBgNVBAsTCVBFTkdBREFBTjEcMBoGA1UEAxMTYXRpeiAoS0FOVE9SIFBVU0FU
KTEhMB8GCSqGSIb3DQEJARYSbmR1dGF0aXpAZ21haWwuY29tMIGfMA0GCSqGSIb3
DQEBAQUAA4GNADCBiQKBgQDQ/y2XVF5TfTfkFCquRl8qjCZjCF1Ex7+Xa1AYXUlU
9RXAQgYbvBpqfkLS1EAmTrmhfP7NSTOt8z1D2T1tVy9cvkTbGYQ3b5Qo0FLYEJjB
/UUMbK3zvkf3Kh1HU1kW+Ak3gBHOpelzoC4ftVXU4K9Az5xyygOm1UM/g/d/X4kK
uwIDAQABo4H0MIHxMB0GA1UdDgQWBBRQiesB6t8Mq1gr/6NeiuAJ4FAP0TCBwQYD
VR0jBIG5MIG2gBQ+y6CL6rn+Msm07SviWYchCTDXIaGBmqSBlzCBlDELMAkGA1UE
BhMCSUQxEzARBgNVBAgTCkphd2EgVGltdXIxEzARBgNVBAcTCkphd2EgVGltdXIx
DzANBgNVBAoTBlBUUE4gWDEMMAoGA1UECxMDUEJKMRcwFQYDVQQDEw5pcHMucHRw
bjEwLmNvbTEjMCEGCSqGSIb3DQEJARYUYWRtaW5AaXBzLnB0cG4xMC5jb22CAQAw
DAYDVR0TBAUwAwEB/zANBgkqhkiG9w0BAQUFAAOBgQBl28NnmBLByq0aS/aoNBNR
Wn8AZc7ukOFnrrafjc8ms54iJZ8KbRTujxr+rWLest0GtkTxCuK3h4zDvr+xtONX
jMsr/OtDeZyw3Q23VU2dTImMU7w15DZ4FULDIppZKXc+N6qSRVBXEWp2R5Jw1MgA
sZO+ewTCOktCWZf101r4PA==
-----END CERTIFICATE-----
', 0, 2, 3, 3, 
    40, NULL, 856, NULL, 1, 
    112, NULL, NULL, TO_DATE('03/22/2016 04:29:55', 'MM/DD/YYYY HH24:MI:SS'), TO_DATE('03/22/2016 04:51:06', 'MM/DD/YYYY HH24:MI:SS'), 
    NULL);
Insert into PENGADAAN
   (ID, WAKTU, ANGGARAN, HPS, BOBOT_TEKNIS, 
    BATAS_LULUS, STATUS_UMUM, METODE_KONTRAK, PENJELASAN_TAMBAHAN, EMAIL_KETUA_PANITIA, 
    KUNCI_PUBLIK, STATUS_BOLEH_MEMBUKA_PENAWARAN, STATUS, KLASIFIKASI_ID, BIDANG_ID, 
    METODE_PENGADAAN_ID, USER_ID, PEKERJAAN_ID, PERIODE_ID, SATUAN_KERJA_ID, 
    PENGGUNA_ANGGARAN_ID, PPK_ID, STATE, CREATED_AT, UPDATED_AT, 
    AANWIJZING_TIM_TEKNIS)
 Values
   (239, TO_DATE('03/30/2016 11:40:00', 'MM/DD/YYYY HH24:MI:SS'), 379890000, 379890000, 50, 
    70, 0, 1, NULL, 'ndutatiz@gmail.com', 
    '-----BEGIN CERTIFICATE-----
MIIDnDCCAwWgAwIBAgIBTTANBgkqhkiG9w0BAQUFADCBlDELMAkGA1UEBhMCSUQx
EzARBgNVBAgTCkphd2EgVGltdXIxEzARBgNVBAcTCkphd2EgVGltdXIxDzANBgNV
BAoTBlBUUE4gWDEMMAoGA1UECxMDUEJKMRcwFQYDVQQDEw5pcHMucHRwbjEwLmNv
bTEjMCEGCSqGSIb3DQEJARYUYWRtaW5AaXBzLnB0cG4xMC5jb20wHhcNMTYwMjA5
MDU0MTA5WhcNMzYwMjA0MDU0MTA5WjCBmzELMAkGA1UEBhMCSUQxEzARBgNVBAgT
CkpBV0EgVElNVVIxETAPBgNVBAcTCFNVUkFCQVlBMQ8wDQYDVQQKEwZQVFBOIFgx
EjAQBgNVBAsTCVBFTkdBREFBTjEcMBoGA1UEAxMTYXRpeiAoS0FOVE9SIFBVU0FU
KTEhMB8GCSqGSIb3DQEJARYSbmR1dGF0aXpAZ21haWwuY29tMIGfMA0GCSqGSIb3
DQEBAQUAA4GNADCBiQKBgQDQ/y2XVF5TfTfkFCquRl8qjCZjCF1Ex7+Xa1AYXUlU
9RXAQgYbvBpqfkLS1EAmTrmhfP7NSTOt8z1D2T1tVy9cvkTbGYQ3b5Qo0FLYEJjB
/UUMbK3zvkf3Kh1HU1kW+Ak3gBHOpelzoC4ftVXU4K9Az5xyygOm1UM/g/d/X4kK
uwIDAQABo4H0MIHxMB0GA1UdDgQWBBRQiesB6t8Mq1gr/6NeiuAJ4FAP0TCBwQYD
VR0jBIG5MIG2gBQ+y6CL6rn+Msm07SviWYchCTDXIaGBmqSBlzCBlDELMAkGA1UE
BhMCSUQxEzARBgNVBAgTCkphd2EgVGltdXIxEzARBgNVBAcTCkphd2EgVGltdXIx
DzANBgNVBAoTBlBUUE4gWDEMMAoGA1UECxMDUEJKMRcwFQYDVQQDEw5pcHMucHRw
bjEwLmNvbTEjMCEGCSqGSIb3DQEJARYUYWRtaW5AaXBzLnB0cG4xMC5jb22CAQAw
DAYDVR0TBAUwAwEB/zANBgkqhkiG9w0BAQUFAAOBgQBl28NnmBLByq0aS/aoNBNR
Wn8AZc7ukOFnrrafjc8ms54iJZ8KbRTujxr+rWLest0GtkTxCuK3h4zDvr+xtONX
jMsr/OtDeZyw3Q23VU2dTImMU7w15DZ4FULDIppZKXc+N6qSRVBXEWp2R5Jw1MgA
sZO+ewTCOktCWZf101r4PA==
-----END CERTIFICATE-----
', 0, 2, 3, 3, 
    31, NULL, 861, NULL, 1, 
    112, NULL, NULL, TO_DATE('03/30/2016 04:40:31', 'MM/DD/YYYY HH24:MI:SS'), TO_DATE('03/30/2016 04:42:52', 'MM/DD/YYYY HH24:MI:SS'), 
    NULL);
Insert into PENGADAAN
   (ID, WAKTU, ANGGARAN, HPS, BOBOT_TEKNIS, 
    BATAS_LULUS, STATUS_UMUM, METODE_KONTRAK, PENJELASAN_TAMBAHAN, EMAIL_KETUA_PANITIA, 
    KUNCI_PUBLIK, STATUS_BOLEH_MEMBUKA_PENAWARAN, STATUS, KLASIFIKASI_ID, BIDANG_ID, 
    METODE_PENGADAAN_ID, USER_ID, PEKERJAAN_ID, PERIODE_ID, SATUAN_KERJA_ID, 
    PENGGUNA_ANGGARAN_ID, PPK_ID, STATE, CREATED_AT, UPDATED_AT, 
    AANWIJZING_TIM_TEKNIS)
 Values
   (241, TO_DATE('03/30/2016 17:14:00', 'MM/DD/YYYY HH24:MI:SS'), 25200000000, 25200000000, NULL, 
    NULL, 0, 1, NULL, 'ndutatiz@gmail.com', 
    '-----BEGIN CERTIFICATE-----
MIIDnDCCAwWgAwIBAgIBTTANBgkqhkiG9w0BAQUFADCBlDELMAkGA1UEBhMCSUQx
EzARBgNVBAgTCkphd2EgVGltdXIxEzARBgNVBAcTCkphd2EgVGltdXIxDzANBgNV
BAoTBlBUUE4gWDEMMAoGA1UECxMDUEJKMRcwFQYDVQQDEw5pcHMucHRwbjEwLmNv
bTEjMCEGCSqGSIb3DQEJARYUYWRtaW5AaXBzLnB0cG4xMC5jb20wHhcNMTYwMjA5
MDU0MTA5WhcNMzYwMjA0MDU0MTA5WjCBmzELMAkGA1UEBhMCSUQxEzARBgNVBAgT
CkpBV0EgVElNVVIxETAPBgNVBAcTCFNVUkFCQVlBMQ8wDQYDVQQKEwZQVFBOIFgx
EjAQBgNVBAsTCVBFTkdBREFBTjEcMBoGA1UEAxMTYXRpeiAoS0FOVE9SIFBVU0FU
KTEhMB8GCSqGSIb3DQEJARYSbmR1dGF0aXpAZ21haWwuY29tMIGfMA0GCSqGSIb3
DQEBAQUAA4GNADCBiQKBgQDQ/y2XVF5TfTfkFCquRl8qjCZjCF1Ex7+Xa1AYXUlU
9RXAQgYbvBpqfkLS1EAmTrmhfP7NSTOt8z1D2T1tVy9cvkTbGYQ3b5Qo0FLYEJjB
/UUMbK3zvkf3Kh1HU1kW+Ak3gBHOpelzoC4ftVXU4K9Az5xyygOm1UM/g/d/X4kK
uwIDAQABo4H0MIHxMB0GA1UdDgQWBBRQiesB6t8Mq1gr/6NeiuAJ4FAP0TCBwQYD
VR0jBIG5MIG2gBQ+y6CL6rn+Msm07SviWYchCTDXIaGBmqSBlzCBlDELMAkGA1UE
BhMCSUQxEzARBgNVBAgTCkphd2EgVGltdXIxEzARBgNVBAcTCkphd2EgVGltdXIx
DzANBgNVBAoTBlBUUE4gWDEMMAoGA1UECxMDUEJKMRcwFQYDVQQDEw5pcHMucHRw
bjEwLmNvbTEjMCEGCSqGSIb3DQEJARYUYWRtaW5AaXBzLnB0cG4xMC5jb22CAQAw
DAYDVR0TBAUwAwEB/zANBgkqhkiG9w0BAQUFAAOBgQBl28NnmBLByq0aS/aoNBNR
Wn8AZc7ukOFnrrafjc8ms54iJZ8KbRTujxr+rWLest0GtkTxCuK3h4zDvr+xtONX
jMsr/OtDeZyw3Q23VU2dTImMU7w15DZ4FULDIppZKXc+N6qSRVBXEWp2R5Jw1MgA
sZO+ewTCOktCWZf101r4PA==
-----END CERTIFICATE-----
', 0, 2, 3, 3, 
    30, NULL, 865, NULL, 1, 
    112, NULL, NULL, TO_DATE('03/31/2016 17:14:29', 'MM/DD/YYYY HH24:MI:SS'), TO_DATE('03/31/2016 17:15:29', 'MM/DD/YYYY HH24:MI:SS'), 
    NULL);
Insert into PENGADAAN
   (ID, WAKTU, ANGGARAN, HPS, BOBOT_TEKNIS, 
    BATAS_LULUS, STATUS_UMUM, METODE_KONTRAK, PENJELASAN_TAMBAHAN, EMAIL_KETUA_PANITIA, 
    KUNCI_PUBLIK, STATUS_BOLEH_MEMBUKA_PENAWARAN, STATUS, KLASIFIKASI_ID, BIDANG_ID, 
    METODE_PENGADAAN_ID, USER_ID, PEKERJAAN_ID, PERIODE_ID, SATUAN_KERJA_ID, 
    PENGGUNA_ANGGARAN_ID, PPK_ID, STATE, CREATED_AT, UPDATED_AT, 
    AANWIJZING_TIM_TEKNIS)
 Values
   (242, TO_DATE('03/31/2016 18:04:00', 'MM/DD/YYYY HH24:MI:SS'), 275000000, 275000000, 80, 
    70, 0, 1, NULL, 'ndutatiz@gmail.com', 
    '-----BEGIN CERTIFICATE-----
MIIDnDCCAwWgAwIBAgIBTTANBgkqhkiG9w0BAQUFADCBlDELMAkGA1UEBhMCSUQx
EzARBgNVBAgTCkphd2EgVGltdXIxEzARBgNVBAcTCkphd2EgVGltdXIxDzANBgNV
BAoTBlBUUE4gWDEMMAoGA1UECxMDUEJKMRcwFQYDVQQDEw5pcHMucHRwbjEwLmNv
bTEjMCEGCSqGSIb3DQEJARYUYWRtaW5AaXBzLnB0cG4xMC5jb20wHhcNMTYwMjA5
MDU0MTA5WhcNMzYwMjA0MDU0MTA5WjCBmzELMAkGA1UEBhMCSUQxEzARBgNVBAgT
CkpBV0EgVElNVVIxETAPBgNVBAcTCFNVUkFCQVlBMQ8wDQYDVQQKEwZQVFBOIFgx
EjAQBgNVBAsTCVBFTkdBREFBTjEcMBoGA1UEAxMTYXRpeiAoS0FOVE9SIFBVU0FU
KTEhMB8GCSqGSIb3DQEJARYSbmR1dGF0aXpAZ21haWwuY29tMIGfMA0GCSqGSIb3
DQEBAQUAA4GNADCBiQKBgQDQ/y2XVF5TfTfkFCquRl8qjCZjCF1Ex7+Xa1AYXUlU
9RXAQgYbvBpqfkLS1EAmTrmhfP7NSTOt8z1D2T1tVy9cvkTbGYQ3b5Qo0FLYEJjB
/UUMbK3zvkf3Kh1HU1kW+Ak3gBHOpelzoC4ftVXU4K9Az5xyygOm1UM/g/d/X4kK
uwIDAQABo4H0MIHxMB0GA1UdDgQWBBRQiesB6t8Mq1gr/6NeiuAJ4FAP0TCBwQYD
VR0jBIG5MIG2gBQ+y6CL6rn+Msm07SviWYchCTDXIaGBmqSBlzCBlDELMAkGA1UE
BhMCSUQxEzARBgNVBAgTCkphd2EgVGltdXIxEzARBgNVBAcTCkphd2EgVGltdXIx
DzANBgNVBAoTBlBUUE4gWDEMMAoGA1UECxMDUEJKMRcwFQYDVQQDEw5pcHMucHRw
bjEwLmNvbTEjMCEGCSqGSIb3DQEJARYUYWRtaW5AaXBzLnB0cG4xMC5jb22CAQAw
DAYDVR0TBAUwAwEB/zANBgkqhkiG9w0BAQUFAAOBgQBl28NnmBLByq0aS/aoNBNR
Wn8AZc7ukOFnrrafjc8ms54iJZ8KbRTujxr+rWLest0GtkTxCuK3h4zDvr+xtONX
jMsr/OtDeZyw3Q23VU2dTImMU7w15DZ4FULDIppZKXc+N6qSRVBXEWp2R5Jw1MgA
sZO+ewTCOktCWZf101r4PA==
-----END CERTIFICATE-----
', 0, 2, 3, 3, 
    31, NULL, 866, NULL, 1, 
    112, NULL, NULL, TO_DATE('03/31/2016 18:05:13', 'MM/DD/YYYY HH24:MI:SS'), TO_DATE('03/31/2016 18:13:34', 'MM/DD/YYYY HH24:MI:SS'), 
    NULL);
Insert into PENGADAAN
   (ID, WAKTU, ANGGARAN, HPS, BOBOT_TEKNIS, 
    BATAS_LULUS, STATUS_UMUM, METODE_KONTRAK, PENJELASAN_TAMBAHAN, EMAIL_KETUA_PANITIA, 
    KUNCI_PUBLIK, STATUS_BOLEH_MEMBUKA_PENAWARAN, STATUS, KLASIFIKASI_ID, BIDANG_ID, 
    METODE_PENGADAAN_ID, USER_ID, PEKERJAAN_ID, PERIODE_ID, SATUAN_KERJA_ID, 
    PENGGUNA_ANGGARAN_ID, PPK_ID, STATE, CREATED_AT, UPDATED_AT, 
    AANWIJZING_TIM_TEKNIS)
 Values
   (228, TO_DATE('03/17/2016 15:06:00', 'MM/DD/YYYY HH24:MI:SS'), 1198800000000, 1198800000000, NULL, 
    NULL, 0, 1, 'sepbuah perusahan brand pupuk ternama', 'ndutatiz@gmail.com', 
    '-----BEGIN CERTIFICATE-----
MIIDnDCCAwWgAwIBAgIBTTANBgkqhkiG9w0BAQUFADCBlDELMAkGA1UEBhMCSUQx
EzARBgNVBAgTCkphd2EgVGltdXIxEzARBgNVBAcTCkphd2EgVGltdXIxDzANBgNV
BAoTBlBUUE4gWDEMMAoGA1UECxMDUEJKMRcwFQYDVQQDEw5pcHMucHRwbjEwLmNv
bTEjMCEGCSqGSIb3DQEJARYUYWRtaW5AaXBzLnB0cG4xMC5jb20wHhcNMTYwMjA5
MDU0MTA5WhcNMzYwMjA0MDU0MTA5WjCBmzELMAkGA1UEBhMCSUQxEzARBgNVBAgT
CkpBV0EgVElNVVIxETAPBgNVBAcTCFNVUkFCQVlBMQ8wDQYDVQQKEwZQVFBOIFgx
EjAQBgNVBAsTCVBFTkdBREFBTjEcMBoGA1UEAxMTYXRpeiAoS0FOVE9SIFBVU0FU
KTEhMB8GCSqGSIb3DQEJARYSbmR1dGF0aXpAZ21haWwuY29tMIGfMA0GCSqGSIb3
DQEBAQUAA4GNADCBiQKBgQDQ/y2XVF5TfTfkFCquRl8qjCZjCF1Ex7+Xa1AYXUlU
9RXAQgYbvBpqfkLS1EAmTrmhfP7NSTOt8z1D2T1tVy9cvkTbGYQ3b5Qo0FLYEJjB
/UUMbK3zvkf3Kh1HU1kW+Ak3gBHOpelzoC4ftVXU4K9Az5xyygOm1UM/g/d/X4kK
uwIDAQABo4H0MIHxMB0GA1UdDgQWBBRQiesB6t8Mq1gr/6NeiuAJ4FAP0TCBwQYD
VR0jBIG5MIG2gBQ+y6CL6rn+Msm07SviWYchCTDXIaGBmqSBlzCBlDELMAkGA1UE
BhMCSUQxEzARBgNVBAgTCkphd2EgVGltdXIxEzARBgNVBAcTCkphd2EgVGltdXIx
DzANBgNVBAoTBlBUUE4gWDEMMAoGA1UECxMDUEJKMRcwFQYDVQQDEw5pcHMucHRw
bjEwLmNvbTEjMCEGCSqGSIb3DQEJARYUYWRtaW5AaXBzLnB0cG4xMC5jb22CAQAw
DAYDVR0TBAUwAwEB/zANBgkqhkiG9w0BAQUFAAOBgQBl28NnmBLByq0aS/aoNBNR
Wn8AZc7ukOFnrrafjc8ms54iJZ8KbRTujxr+rWLest0GtkTxCuK3h4zDvr+xtONX
jMsr/OtDeZyw3Q23VU2dTImMU7w15DZ4FULDIppZKXc+N6qSRVBXEWp2R5Jw1MgA
sZO+ewTCOktCWZf101r4PA==
-----END CERTIFICATE-----
', 0, 2, 5, 5, 
    44, NULL, 847, NULL, 1, 
    112, NULL, NULL, TO_DATE('03/17/2016 09:01:46', 'MM/DD/YYYY HH24:MI:SS'), TO_DATE('03/17/2016 09:12:18', 'MM/DD/YYYY HH24:MI:SS'), 
    'banyak');
Insert into PENGADAAN
   (ID, WAKTU, ANGGARAN, HPS, BOBOT_TEKNIS, 
    BATAS_LULUS, STATUS_UMUM, METODE_KONTRAK, PENJELASAN_TAMBAHAN, EMAIL_KETUA_PANITIA, 
    KUNCI_PUBLIK, STATUS_BOLEH_MEMBUKA_PENAWARAN, STATUS, KLASIFIKASI_ID, BIDANG_ID, 
    METODE_PENGADAAN_ID, USER_ID, PEKERJAAN_ID, PERIODE_ID, SATUAN_KERJA_ID, 
    PENGGUNA_ANGGARAN_ID, PPK_ID, STATE, CREATED_AT, UPDATED_AT, 
    AANWIJZING_TIM_TEKNIS)
 Values
   (232, TO_DATE('03/18/2016 11:15:00', 'MM/DD/YYYY HH24:MI:SS'), 89698000000000, 89698000000000, NULL, 
    NULL, 0, 1, NULL, 'ndutatiz@gmail.com', 
    '-----BEGIN CERTIFICATE-----
MIIDnDCCAwWgAwIBAgIBTTANBgkqhkiG9w0BAQUFADCBlDELMAkGA1UEBhMCSUQx
EzARBgNVBAgTCkphd2EgVGltdXIxEzARBgNVBAcTCkphd2EgVGltdXIxDzANBgNV
BAoTBlBUUE4gWDEMMAoGA1UECxMDUEJKMRcwFQYDVQQDEw5pcHMucHRwbjEwLmNv
bTEjMCEGCSqGSIb3DQEJARYUYWRtaW5AaXBzLnB0cG4xMC5jb20wHhcNMTYwMjA5
MDU0MTA5WhcNMzYwMjA0MDU0MTA5WjCBmzELMAkGA1UEBhMCSUQxEzARBgNVBAgT
CkpBV0EgVElNVVIxETAPBgNVBAcTCFNVUkFCQVlBMQ8wDQYDVQQKEwZQVFBOIFgx
EjAQBgNVBAsTCVBFTkdBREFBTjEcMBoGA1UEAxMTYXRpeiAoS0FOVE9SIFBVU0FU
KTEhMB8GCSqGSIb3DQEJARYSbmR1dGF0aXpAZ21haWwuY29tMIGfMA0GCSqGSIb3
DQEBAQUAA4GNADCBiQKBgQDQ/y2XVF5TfTfkFCquRl8qjCZjCF1Ex7+Xa1AYXUlU
9RXAQgYbvBpqfkLS1EAmTrmhfP7NSTOt8z1D2T1tVy9cvkTbGYQ3b5Qo0FLYEJjB
/UUMbK3zvkf3Kh1HU1kW+Ak3gBHOpelzoC4ftVXU4K9Az5xyygOm1UM/g/d/X4kK
uwIDAQABo4H0MIHxMB0GA1UdDgQWBBRQiesB6t8Mq1gr/6NeiuAJ4FAP0TCBwQYD
VR0jBIG5MIG2gBQ+y6CL6rn+Msm07SviWYchCTDXIaGBmqSBlzCBlDELMAkGA1UE
BhMCSUQxEzARBgNVBAgTCkphd2EgVGltdXIxEzARBgNVBAcTCkphd2EgVGltdXIx
DzANBgNVBAoTBlBUUE4gWDEMMAoGA1UECxMDUEJKMRcwFQYDVQQDEw5pcHMucHRw
bjEwLmNvbTEjMCEGCSqGSIb3DQEJARYUYWRtaW5AaXBzLnB0cG4xMC5jb22CAQAw
DAYDVR0TBAUwAwEB/zANBgkqhkiG9w0BAQUFAAOBgQBl28NnmBLByq0aS/aoNBNR
Wn8AZc7ukOFnrrafjc8ms54iJZ8KbRTujxr+rWLest0GtkTxCuK3h4zDvr+xtONX
jMsr/OtDeZyw3Q23VU2dTImMU7w15DZ4FULDIppZKXc+N6qSRVBXEWp2R5Jw1MgA
sZO+ewTCOktCWZf101r4PA==
-----END CERTIFICATE-----
', 0, 2, 3, 3, 
    32, NULL, 852, NULL, 1, 
    112, NULL, NULL, TO_DATE('03/18/2016 11:15:11', 'MM/DD/YYYY HH24:MI:SS'), TO_DATE('03/18/2016 11:16:15', 'MM/DD/YYYY HH24:MI:SS'), 
    NULL);
Insert into PENGADAAN
   (ID, WAKTU, ANGGARAN, HPS, BOBOT_TEKNIS, 
    BATAS_LULUS, STATUS_UMUM, METODE_KONTRAK, PENJELASAN_TAMBAHAN, EMAIL_KETUA_PANITIA, 
    KUNCI_PUBLIK, STATUS_BOLEH_MEMBUKA_PENAWARAN, STATUS, KLASIFIKASI_ID, BIDANG_ID, 
    METODE_PENGADAAN_ID, USER_ID, PEKERJAAN_ID, PERIODE_ID, SATUAN_KERJA_ID, 
    PENGGUNA_ANGGARAN_ID, PPK_ID, STATE, CREATED_AT, UPDATED_AT, 
    AANWIJZING_TIM_TEKNIS)
 Values
   (233, TO_DATE('03/21/2016 03:08:00', 'MM/DD/YYYY HH24:MI:SS'), 100000000, 100000000, 75, 
    70, 0, 1, NULL, 'p01@ptpnx.com', 
    '-----BEGIN CERTIFICATE-----
MIIDkjCCAvugAwIBAgIBTTANBgkqhkiG9w0BAQUFADCBlDELMAkGA1UEBhMCSUQx
EzARBgNVBAgTCkphd2EgVGltdXIxEzARBgNVBAcTCkphd2EgVGltdXIxDzANBgNV
BAoTBlBUUE4gWDEMMAoGA1UECxMDUEJKMRcwFQYDVQQDEw5pcHMucHRwbjEwLmNv
bTEjMCEGCSqGSIb3DQEJARYUYWRtaW5AaXBzLnB0cG4xMC5jb20wHhcNMTYwMjEw
MDY0NTIyWhcNMzYwMjA1MDY0NTIyWjCBkTELMAkGA1UEBhMCSUQxEzARBgNVBAgT
CkpBV0EgVElNVVIxETAPBgNVBAcTCFNVUkFCQVlBMQ8wDQYDVQQKEwZQVFBOIFgx
EjAQBgNVBAsTCVBFTkdBREFBTjEXMBUGA1UEAxMOUGFuaXRpYSAwMSAoLSkxHDAa
BgkqhkiG9w0BCQEWDXAwMUBwdHBueC5jb20wgZ8wDQYJKoZIhvcNAQEBBQADgY0A
MIGJAoGBAKf+jixsqhLTPMW50s5l1C4sc4m1OXq1fv37vKzlQ9E5RtcazwGTP33F
b77utBOJQkbdHixUK8M3E54Uj1d7cnioW+kvUBipj2+ALEaY2eRVR4MHSChs2ojv
PcKTeJVmDodyRyL9Q7Z+7uQIlCAdPubqo+bpw39yjilZ1YF6M52xAgMBAAGjgfQw
gfEwHQYDVR0OBBYEFDSMZ5jN/G4DGb8zP19Uk1PK/32EMIHBBgNVHSMEgbkwgbaA
FD7LoIvquf4yybTtK+JZhyEJMNchoYGapIGXMIGUMQswCQYDVQQGEwJJRDETMBEG
A1UECBMKSmF3YSBUaW11cjETMBEGA1UEBxMKSmF3YSBUaW11cjEPMA0GA1UEChMG
UFRQTiBYMQwwCgYDVQQLEwNQQkoxFzAVBgNVBAMTDmlwcy5wdHBuMTAuY29tMSMw
IQYJKoZIhvcNAQkBFhRhZG1pbkBpcHMucHRwbjEwLmNvbYIBADAMBgNVHRMEBTAD
AQH/MA0GCSqGSIb3DQEBBQUAA4GBAKtsR5q7a8AAWsMGxvUior9XQY5M1uk998Zf
AM9U//4mgoTjbX9MfhIVg9Lojlzd8oEE3AnvL7AGTsxW/pJgv2A8xb1A8Z0jhkz5
4kZLbuBJIZ8t1xOX7mCYTg/WmUn/mntR4PiyOYrKuQaFipuZGzh+/ymzK3REE6RL
XVQi/6sU
-----END CERTIFICATE-----
', 0, 4, 3, 3, 
    32, NULL, 853, NULL, 27, 
    117, NULL, NULL, TO_DATE('03/21/2016 03:08:50', 'MM/DD/YYYY HH24:MI:SS'), TO_DATE('03/21/2016 03:24:45', 'MM/DD/YYYY HH24:MI:SS'), 
    NULL);
Insert into PENGADAAN
   (ID, WAKTU, ANGGARAN, HPS, BOBOT_TEKNIS, 
    BATAS_LULUS, STATUS_UMUM, METODE_KONTRAK, PENJELASAN_TAMBAHAN, EMAIL_KETUA_PANITIA, 
    KUNCI_PUBLIK, STATUS_BOLEH_MEMBUKA_PENAWARAN, STATUS, KLASIFIKASI_ID, BIDANG_ID, 
    METODE_PENGADAAN_ID, USER_ID, PEKERJAAN_ID, PERIODE_ID, SATUAN_KERJA_ID, 
    PENGGUNA_ANGGARAN_ID, PPK_ID, STATE, CREATED_AT, UPDATED_AT, 
    AANWIJZING_TIM_TEKNIS)
 Values
   (236, TO_DATE('03/22/2016 05:37:00', 'MM/DD/YYYY HH24:MI:SS'), 400000000, 400000000, NULL, 
    NULL, 0, 1, NULL, NULL, 
    NULL, 0, 0, 3, 1, 
    30, NULL, 849, NULL, 1, 
    112, NULL, NULL, TO_DATE('03/22/2016 05:37:49', 'MM/DD/YYYY HH24:MI:SS'), TO_DATE('03/22/2016 05:37:49', 'MM/DD/YYYY HH24:MI:SS'), 
    NULL);
Insert into PENGADAAN
   (ID, WAKTU, ANGGARAN, HPS, BOBOT_TEKNIS, 
    BATAS_LULUS, STATUS_UMUM, METODE_KONTRAK, PENJELASAN_TAMBAHAN, EMAIL_KETUA_PANITIA, 
    KUNCI_PUBLIK, STATUS_BOLEH_MEMBUKA_PENAWARAN, STATUS, KLASIFIKASI_ID, BIDANG_ID, 
    METODE_PENGADAAN_ID, USER_ID, PEKERJAAN_ID, PERIODE_ID, SATUAN_KERJA_ID, 
    PENGGUNA_ANGGARAN_ID, PPK_ID, STATE, CREATED_AT, UPDATED_AT, 
    AANWIJZING_TIM_TEKNIS)
 Values
   (237, TO_DATE('03/22/2016 05:37:00', 'MM/DD/YYYY HH24:MI:SS'), 400000000, 400000000, NULL, 
    NULL, 0, 1, 'server yang kami butuhkan adalah server yang akan digunakan untuk penyimpanan data dan mirroring data', 'ndutatiz@gmail.com', 
    '-----BEGIN CERTIFICATE-----
MIIDnDCCAwWgAwIBAgIBTTANBgkqhkiG9w0BAQUFADCBlDELMAkGA1UEBhMCSUQx
EzARBgNVBAgTCkphd2EgVGltdXIxEzARBgNVBAcTCkphd2EgVGltdXIxDzANBgNV
BAoTBlBUUE4gWDEMMAoGA1UECxMDUEJKMRcwFQYDVQQDEw5pcHMucHRwbjEwLmNv
bTEjMCEGCSqGSIb3DQEJARYUYWRtaW5AaXBzLnB0cG4xMC5jb20wHhcNMTYwMjA5
MDU0MTA5WhcNMzYwMjA0MDU0MTA5WjCBmzELMAkGA1UEBhMCSUQxEzARBgNVBAgT
CkpBV0EgVElNVVIxETAPBgNVBAcTCFNVUkFCQVlBMQ8wDQYDVQQKEwZQVFBOIFgx
EjAQBgNVBAsTCVBFTkdBREFBTjEcMBoGA1UEAxMTYXRpeiAoS0FOVE9SIFBVU0FU
KTEhMB8GCSqGSIb3DQEJARYSbmR1dGF0aXpAZ21haWwuY29tMIGfMA0GCSqGSIb3
DQEBAQUAA4GNADCBiQKBgQDQ/y2XVF5TfTfkFCquRl8qjCZjCF1Ex7+Xa1AYXUlU
9RXAQgYbvBpqfkLS1EAmTrmhfP7NSTOt8z1D2T1tVy9cvkTbGYQ3b5Qo0FLYEJjB
/UUMbK3zvkf3Kh1HU1kW+Ak3gBHOpelzoC4ftVXU4K9Az5xyygOm1UM/g/d/X4kK
uwIDAQABo4H0MIHxMB0GA1UdDgQWBBRQiesB6t8Mq1gr/6NeiuAJ4FAP0TCBwQYD
VR0jBIG5MIG2gBQ+y6CL6rn+Msm07SviWYchCTDXIaGBmqSBlzCBlDELMAkGA1UE
BhMCSUQxEzARBgNVBAgTCkphd2EgVGltdXIxEzARBgNVBAcTCkphd2EgVGltdXIx
DzANBgNVBAoTBlBUUE4gWDEMMAoGA1UECxMDUEJKMRcwFQYDVQQDEw5pcHMucHRw
bjEwLmNvbTEjMCEGCSqGSIb3DQEJARYUYWRtaW5AaXBzLnB0cG4xMC5jb22CAQAw
DAYDVR0TBAUwAwEB/zANBgkqhkiG9w0BAQUFAAOBgQBl28NnmBLByq0aS/aoNBNR
Wn8AZc7ukOFnrrafjc8ms54iJZ8KbRTujxr+rWLest0GtkTxCuK3h4zDvr+xtONX
jMsr/OtDeZyw3Q23VU2dTImMU7w15DZ4FULDIppZKXc+N6qSRVBXEWp2R5Jw1MgA
sZO+ewTCOktCWZf101r4PA==
-----END CERTIFICATE-----
', 0, 2, 3, 1, 
    30, NULL, 849, NULL, 1, 
    112, NULL, NULL, TO_DATE('03/22/2016 05:38:03', 'MM/DD/YYYY HH24:MI:SS'), TO_DATE('03/22/2016 05:42:20', 'MM/DD/YYYY HH24:MI:SS'), 
    NULL);
Insert into PENGADAAN
   (ID, WAKTU, ANGGARAN, HPS, BOBOT_TEKNIS, 
    BATAS_LULUS, STATUS_UMUM, METODE_KONTRAK, PENJELASAN_TAMBAHAN, EMAIL_KETUA_PANITIA, 
    KUNCI_PUBLIK, STATUS_BOLEH_MEMBUKA_PENAWARAN, STATUS, KLASIFIKASI_ID, BIDANG_ID, 
    METODE_PENGADAAN_ID, USER_ID, PEKERJAAN_ID, PERIODE_ID, SATUAN_KERJA_ID, 
    PENGGUNA_ANGGARAN_ID, PPK_ID, STATE, CREATED_AT, UPDATED_AT, 
    AANWIJZING_TIM_TEKNIS)
 Values
   (240, TO_DATE('03/30/2016 11:41:00', 'MM/DD/YYYY HH24:MI:SS'), 17322847160000, 17322847160000, 50, 
    70, 0, 1, NULL, 'ndutatiz@gmail.com', 
    '-----BEGIN CERTIFICATE-----
MIIDnDCCAwWgAwIBAgIBTTANBgkqhkiG9w0BAQUFADCBlDELMAkGA1UEBhMCSUQx
EzARBgNVBAgTCkphd2EgVGltdXIxEzARBgNVBAcTCkphd2EgVGltdXIxDzANBgNV
BAoTBlBUUE4gWDEMMAoGA1UECxMDUEJKMRcwFQYDVQQDEw5pcHMucHRwbjEwLmNv
bTEjMCEGCSqGSIb3DQEJARYUYWRtaW5AaXBzLnB0cG4xMC5jb20wHhcNMTYwMjA5
MDU0MTA5WhcNMzYwMjA0MDU0MTA5WjCBmzELMAkGA1UEBhMCSUQxEzARBgNVBAgT
CkpBV0EgVElNVVIxETAPBgNVBAcTCFNVUkFCQVlBMQ8wDQYDVQQKEwZQVFBOIFgx
EjAQBgNVBAsTCVBFTkdBREFBTjEcMBoGA1UEAxMTYXRpeiAoS0FOVE9SIFBVU0FU
KTEhMB8GCSqGSIb3DQEJARYSbmR1dGF0aXpAZ21haWwuY29tMIGfMA0GCSqGSIb3
DQEBAQUAA4GNADCBiQKBgQDQ/y2XVF5TfTfkFCquRl8qjCZjCF1Ex7+Xa1AYXUlU
9RXAQgYbvBpqfkLS1EAmTrmhfP7NSTOt8z1D2T1tVy9cvkTbGYQ3b5Qo0FLYEJjB
/UUMbK3zvkf3Kh1HU1kW+Ak3gBHOpelzoC4ftVXU4K9Az5xyygOm1UM/g/d/X4kK
uwIDAQABo4H0MIHxMB0GA1UdDgQWBBRQiesB6t8Mq1gr/6NeiuAJ4FAP0TCBwQYD
VR0jBIG5MIG2gBQ+y6CL6rn+Msm07SviWYchCTDXIaGBmqSBlzCBlDELMAkGA1UE
BhMCSUQxEzARBgNVBAgTCkphd2EgVGltdXIxEzARBgNVBAcTCkphd2EgVGltdXIx
DzANBgNVBAoTBlBUUE4gWDEMMAoGA1UECxMDUEJKMRcwFQYDVQQDEw5pcHMucHRw
bjEwLmNvbTEjMCEGCSqGSIb3DQEJARYUYWRtaW5AaXBzLnB0cG4xMC5jb22CAQAw
DAYDVR0TBAUwAwEB/zANBgkqhkiG9w0BAQUFAAOBgQBl28NnmBLByq0aS/aoNBNR
Wn8AZc7ukOFnrrafjc8ms54iJZ8KbRTujxr+rWLest0GtkTxCuK3h4zDvr+xtONX
jMsr/OtDeZyw3Q23VU2dTImMU7w15DZ4FULDIppZKXc+N6qSRVBXEWp2R5Jw1MgA
sZO+ewTCOktCWZf101r4PA==
-----END CERTIFICATE-----
', 0, 2, 3, 3, 
    31, NULL, 862, NULL, 1, 
    112, NULL, NULL, TO_DATE('03/30/2016 11:41:56', 'MM/DD/YYYY HH24:MI:SS'), TO_DATE('03/30/2016 11:44:09', 'MM/DD/YYYY HH24:MI:SS'), 
    NULL);
Insert into PENGADAAN
   (ID, WAKTU, ANGGARAN, HPS, BOBOT_TEKNIS, 
    BATAS_LULUS, STATUS_UMUM, METODE_KONTRAK, PENJELASAN_TAMBAHAN, EMAIL_KETUA_PANITIA, 
    KUNCI_PUBLIK, STATUS_BOLEH_MEMBUKA_PENAWARAN, STATUS, KLASIFIKASI_ID, BIDANG_ID, 
    METODE_PENGADAAN_ID, USER_ID, PEKERJAAN_ID, PERIODE_ID, SATUAN_KERJA_ID, 
    PENGGUNA_ANGGARAN_ID, PPK_ID, STATE, CREATED_AT, UPDATED_AT, 
    AANWIJZING_TIM_TEKNIS)
 Values
   (238, TO_DATE('03/28/2016 04:27:00', 'MM/DD/YYYY HH24:MI:SS'), 900000000, 900000000, 80, 
    75, 0, 1, 'Penjelasan Tambahan untuk Testing - Pengadaan Rantai Besi', 'ndutatiz@gmail.com', 
    '-----BEGIN CERTIFICATE-----
MIIDnDCCAwWgAwIBAgIBTTANBgkqhkiG9w0BAQUFADCBlDELMAkGA1UEBhMCSUQx
EzARBgNVBAgTCkphd2EgVGltdXIxEzARBgNVBAcTCkphd2EgVGltdXIxDzANBgNV
BAoTBlBUUE4gWDEMMAoGA1UECxMDUEJKMRcwFQYDVQQDEw5pcHMucHRwbjEwLmNv
bTEjMCEGCSqGSIb3DQEJARYUYWRtaW5AaXBzLnB0cG4xMC5jb20wHhcNMTYwMjA5
MDU0MTA5WhcNMzYwMjA0MDU0MTA5WjCBmzELMAkGA1UEBhMCSUQxEzARBgNVBAgT
CkpBV0EgVElNVVIxETAPBgNVBAcTCFNVUkFCQVlBMQ8wDQYDVQQKEwZQVFBOIFgx
EjAQBgNVBAsTCVBFTkdBREFBTjEcMBoGA1UEAxMTYXRpeiAoS0FOVE9SIFBVU0FU
KTEhMB8GCSqGSIb3DQEJARYSbmR1dGF0aXpAZ21haWwuY29tMIGfMA0GCSqGSIb3
DQEBAQUAA4GNADCBiQKBgQDQ/y2XVF5TfTfkFCquRl8qjCZjCF1Ex7+Xa1AYXUlU
9RXAQgYbvBpqfkLS1EAmTrmhfP7NSTOt8z1D2T1tVy9cvkTbGYQ3b5Qo0FLYEJjB
/UUMbK3zvkf3Kh1HU1kW+Ak3gBHOpelzoC4ftVXU4K9Az5xyygOm1UM/g/d/X4kK
uwIDAQABo4H0MIHxMB0GA1UdDgQWBBRQiesB6t8Mq1gr/6NeiuAJ4FAP0TCBwQYD
VR0jBIG5MIG2gBQ+y6CL6rn+Msm07SviWYchCTDXIaGBmqSBlzCBlDELMAkGA1UE
BhMCSUQxEzARBgNVBAgTCkphd2EgVGltdXIxEzARBgNVBAcTCkphd2EgVGltdXIx
DzANBgNVBAoTBlBUUE4gWDEMMAoGA1UECxMDUEJKMRcwFQYDVQQDEw5pcHMucHRw
bjEwLmNvbTEjMCEGCSqGSIb3DQEJARYUYWRtaW5AaXBzLnB0cG4xMC5jb22CAQAw
DAYDVR0TBAUwAwEB/zANBgkqhkiG9w0BAQUFAAOBgQBl28NnmBLByq0aS/aoNBNR
Wn8AZc7ukOFnrrafjc8ms54iJZ8KbRTujxr+rWLest0GtkTxCuK3h4zDvr+xtONX
jMsr/OtDeZyw3Q23VU2dTImMU7w15DZ4FULDIppZKXc+N6qSRVBXEWp2R5Jw1MgA
sZO+ewTCOktCWZf101r4PA==
-----END CERTIFICATE-----
', 0, 2, 3, 1, 
    31, NULL, 859, NULL, 1, 
    112, NULL, NULL, TO_DATE('03/28/2016 04:27:45', 'MM/DD/YYYY HH24:MI:SS'), TO_DATE('03/31/2016 04:28:57', 'MM/DD/YYYY HH24:MI:SS'), 
    'Ketua: Aaa
Sekretaris: Bbb
Anggota 1: Ccc
Anggota 2: Ddd');
Insert into PENGADAAN
   (ID, WAKTU, ANGGARAN, HPS, BOBOT_TEKNIS, 
    BATAS_LULUS, STATUS_UMUM, METODE_KONTRAK, PENJELASAN_TAMBAHAN, EMAIL_KETUA_PANITIA, 
    KUNCI_PUBLIK, STATUS_BOLEH_MEMBUKA_PENAWARAN, STATUS, KLASIFIKASI_ID, BIDANG_ID, 
    METODE_PENGADAAN_ID, USER_ID, PEKERJAAN_ID, PERIODE_ID, SATUAN_KERJA_ID, 
    PENGGUNA_ANGGARAN_ID, PPK_ID, STATE, CREATED_AT, UPDATED_AT, 
    AANWIJZING_TIM_TEKNIS)
 Values
   (229, TO_DATE('03/18/2016 07:36:00', 'MM/DD/YYYY HH24:MI:SS'), 500000000, 500000000, NULL, 
    NULL, 0, 1, NULL, 'ndutatiz@gmail.com', 
    '-----BEGIN CERTIFICATE-----
MIIDnDCCAwWgAwIBAgIBTTANBgkqhkiG9w0BAQUFADCBlDELMAkGA1UEBhMCSUQx
EzARBgNVBAgTCkphd2EgVGltdXIxEzARBgNVBAcTCkphd2EgVGltdXIxDzANBgNV
BAoTBlBUUE4gWDEMMAoGA1UECxMDUEJKMRcwFQYDVQQDEw5pcHMucHRwbjEwLmNv
bTEjMCEGCSqGSIb3DQEJARYUYWRtaW5AaXBzLnB0cG4xMC5jb20wHhcNMTYwMjA5
MDU0MTA5WhcNMzYwMjA0MDU0MTA5WjCBmzELMAkGA1UEBhMCSUQxEzARBgNVBAgT
CkpBV0EgVElNVVIxETAPBgNVBAcTCFNVUkFCQVlBMQ8wDQYDVQQKEwZQVFBOIFgx
EjAQBgNVBAsTCVBFTkdBREFBTjEcMBoGA1UEAxMTYXRpeiAoS0FOVE9SIFBVU0FU
KTEhMB8GCSqGSIb3DQEJARYSbmR1dGF0aXpAZ21haWwuY29tMIGfMA0GCSqGSIb3
DQEBAQUAA4GNADCBiQKBgQDQ/y2XVF5TfTfkFCquRl8qjCZjCF1Ex7+Xa1AYXUlU
9RXAQgYbvBpqfkLS1EAmTrmhfP7NSTOt8z1D2T1tVy9cvkTbGYQ3b5Qo0FLYEJjB
/UUMbK3zvkf3Kh1HU1kW+Ak3gBHOpelzoC4ftVXU4K9Az5xyygOm1UM/g/d/X4kK
uwIDAQABo4H0MIHxMB0GA1UdDgQWBBRQiesB6t8Mq1gr/6NeiuAJ4FAP0TCBwQYD
VR0jBIG5MIG2gBQ+y6CL6rn+Msm07SviWYchCTDXIaGBmqSBlzCBlDELMAkGA1UE
BhMCSUQxEzARBgNVBAgTCkphd2EgVGltdXIxEzARBgNVBAcTCkphd2EgVGltdXIx
DzANBgNVBAoTBlBUUE4gWDEMMAoGA1UECxMDUEJKMRcwFQYDVQQDEw5pcHMucHRw
bjEwLmNvbTEjMCEGCSqGSIb3DQEJARYUYWRtaW5AaXBzLnB0cG4xMC5jb22CAQAw
DAYDVR0TBAUwAwEB/zANBgkqhkiG9w0BAQUFAAOBgQBl28NnmBLByq0aS/aoNBNR
Wn8AZc7ukOFnrrafjc8ms54iJZ8KbRTujxr+rWLest0GtkTxCuK3h4zDvr+xtONX
jMsr/OtDeZyw3Q23VU2dTImMU7w15DZ4FULDIppZKXc+N6qSRVBXEWp2R5Jw1MgA
sZO+ewTCOktCWZf101r4PA==
-----END CERTIFICATE-----
', 0, 2, 3, 1, 
    44, NULL, 850, NULL, 1, 
    112, NULL, NULL, TO_DATE('03/18/2016 07:36:23', 'MM/DD/YYYY HH24:MI:SS'), TO_DATE('03/18/2016 07:47:14', 'MM/DD/YYYY HH24:MI:SS'), 
    NULL);
COMMIT;

SET DEFINE OFF;
Insert into PENGADAAN_RINCIAN
   (ID, TIPE, NAMA, VOLUME, SATUAN, 
    PENGADAAN_ID, PEKERJAAN_RINCIAN_ID, STATE, CREATED_AT, UPDATED_AT, 
    PAJAK, PAJAK_BM)
 Values
   (605, 1, 'pupuk 123', 89698, 'ton', 
    232, 724, NULL, TO_DATE('03/18/2016 11:12:08', 'MM/DD/YYYY HH24:MI:SS'), TO_DATE('03/18/2016 11:12:08', 'MM/DD/YYYY HH24:MI:SS'), 
    10, 0);
Insert into PENGADAAN_RINCIAN
   (ID, TIPE, NAMA, VOLUME, SATUAN, 
    PENGADAAN_ID, PEKERJAAN_RINCIAN_ID, STATE, CREATED_AT, UPDATED_AT, 
    PAJAK, PAJAK_BM)
 Values
   (606, 1, 'PUPUK TIPE 98', 1, 'TON', 
    233, 725, NULL, TO_DATE('03/21/2016 02:58:59', 'MM/DD/YYYY HH24:MI:SS'), TO_DATE('03/21/2016 02:58:59', 'MM/DD/YYYY HH24:MI:SS'), 
    10, 0);
Insert into PENGADAAN_RINCIAN
   (ID, TIPE, NAMA, VOLUME, SATUAN, 
    PENGADAAN_ID, PEKERJAAN_RINCIAN_ID, STATE, CREATED_AT, UPDATED_AT, 
    PAJAK, PAJAK_BM)
 Values
   (610, 1, 'Server', 2, 'EA', 
    236, 721, NULL, TO_DATE('03/18/2016 07:02:34', 'MM/DD/YYYY HH24:MI:SS'), TO_DATE('03/18/2016 07:02:34', 'MM/DD/YYYY HH24:MI:SS'), 
    10, 0);
Insert into PENGADAAN_RINCIAN
   (ID, TIPE, NAMA, VOLUME, SATUAN, 
    PENGADAAN_ID, PEKERJAAN_RINCIAN_ID, STATE, CREATED_AT, UPDATED_AT, 
    PAJAK, PAJAK_BM)
 Values
   (611, 1, 'Server', 2, 'EA', 
    237, 721, NULL, TO_DATE('03/18/2016 07:02:34', 'MM/DD/YYYY HH24:MI:SS'), TO_DATE('03/18/2016 07:02:34', 'MM/DD/YYYY HH24:MI:SS'), 
    10, 0);
Insert into PENGADAAN_RINCIAN
   (ID, TIPE, NAMA, VOLUME, SATUAN, 
    PENGADAAN_ID, PEKERJAAN_RINCIAN_ID, STATE, CREATED_AT, UPDATED_AT, 
    PAJAK, PAJAK_BM)
 Values
   (599, 1, 'Pupuk Urea 111', 500, 'ton', 
    227, 717, NULL, TO_DATE('03/17/2016 04:39:38', 'MM/DD/YYYY HH24:MI:SS'), TO_DATE('03/17/2016 04:39:38', 'MM/DD/YYYY HH24:MI:SS'), 
    10, 0);
Insert into PENGADAAN_RINCIAN
   (ID, TIPE, NAMA, VOLUME, SATUAN, 
    PENGADAAN_ID, PEKERJAAN_RINCIAN_ID, STATE, CREATED_AT, UPDATED_AT, 
    PAJAK, PAJAK_BM)
 Values
   (600, 1, 'Pupuk Urea', 1000, 'Ton', 
    227, 716, NULL, TO_DATE('03/17/2016 04:39:38', 'MM/DD/YYYY HH24:MI:SS'), TO_DATE('03/17/2016 04:39:38', 'MM/DD/YYYY HH24:MI:SS'), 
    10, 0);
Insert into PENGADAAN_RINCIAN
   (ID, TIPE, NAMA, VOLUME, SATUAN, 
    PENGADAAN_ID, PEKERJAAN_RINCIAN_ID, STATE, CREATED_AT, UPDATED_AT, 
    PAJAK, PAJAK_BM)
 Values
   (603, 1, 'Pupuk Urea', 100, 'Ton', 
    230, 723, NULL, TO_DATE('03/18/2016 10:43:39', 'MM/DD/YYYY HH24:MI:SS'), TO_DATE('03/18/2016 10:43:39', 'MM/DD/YYYY HH24:MI:SS'), 
    10, 0);
Insert into PENGADAAN_RINCIAN
   (ID, TIPE, NAMA, VOLUME, SATUAN, 
    PENGADAAN_ID, PEKERJAAN_RINCIAN_ID, STATE, CREATED_AT, UPDATED_AT, 
    PAJAK, PAJAK_BM)
 Values
   (604, 1, 'gula jawa', 10, 'Kg', 
    231, 720, NULL, TO_DATE('03/18/2016 05:17:58', 'MM/DD/YYYY HH24:MI:SS'), TO_DATE('03/18/2016 05:17:58', 'MM/DD/YYYY HH24:MI:SS'), 
    10, 0);
Insert into PENGADAAN_RINCIAN
   (ID, TIPE, NAMA, VOLUME, SATUAN, 
    PENGADAAN_ID, PEKERJAAN_RINCIAN_ID, STATE, CREATED_AT, UPDATED_AT, 
    PAJAK, PAJAK_BM)
 Values
   (607, 1, 'pupuk nitrogen', 100, 'kuintal', 
    234, 729, NULL, TO_DATE('03/22/2016 04:06:03', 'MM/DD/YYYY HH24:MI:SS'), TO_DATE('03/22/2016 04:06:03', 'MM/DD/YYYY HH24:MI:SS'), 
    10, 0);
Insert into PENGADAAN_RINCIAN
   (ID, TIPE, NAMA, VOLUME, SATUAN, 
    PENGADAAN_ID, PEKERJAAN_RINCIAN_ID, STATE, CREATED_AT, UPDATED_AT, 
    PAJAK, PAJAK_BM)
 Values
   (608, 1, 'pupuk nitrogen', 50, 'kuintal', 
    234, 730, NULL, TO_DATE('03/22/2016 04:06:03', 'MM/DD/YYYY HH24:MI:SS'), TO_DATE('03/22/2016 04:06:03', 'MM/DD/YYYY HH24:MI:SS'), 
    10, 0);
Insert into PENGADAAN_RINCIAN
   (ID, TIPE, NAMA, VOLUME, SATUAN, 
    PENGADAAN_ID, PEKERJAAN_RINCIAN_ID, STATE, CREATED_AT, UPDATED_AT, 
    PAJAK, PAJAK_BM)
 Values
   (609, 1, 'pupuk abc', 75, 'ton', 
    235, 728, NULL, TO_DATE('03/22/2016 04:01:04', 'MM/DD/YYYY HH24:MI:SS'), TO_DATE('03/22/2016 04:01:04', 'MM/DD/YYYY HH24:MI:SS'), 
    10, 0);
Insert into PENGADAAN_RINCIAN
   (ID, TIPE, NAMA, VOLUME, SATUAN, 
    PENGADAAN_ID, PEKERJAAN_RINCIAN_ID, STATE, CREATED_AT, UPDATED_AT, 
    PAJAK, PAJAK_BM)
 Values
   (613, 1, 'baja beton', 67, 'ton', 
    239, 734, NULL, TO_DATE('03/30/2016 04:36:13', 'MM/DD/YYYY HH24:MI:SS'), TO_DATE('03/30/2016 04:36:13', 'MM/DD/YYYY HH24:MI:SS'), 
    10, 0);
Insert into PENGADAAN_RINCIAN
   (ID, TIPE, NAMA, VOLUME, SATUAN, 
    PENGADAAN_ID, PEKERJAAN_RINCIAN_ID, STATE, CREATED_AT, UPDATED_AT, 
    PAJAK, PAJAK_BM)
 Values
   (614, 1, 'phghg', 67546, 'ton', 
    240, 735, NULL, TO_DATE('03/30/2016 08:35:54', 'MM/DD/YYYY HH24:MI:SS'), TO_DATE('03/30/2016 08:35:54', 'MM/DD/YYYY HH24:MI:SS'), 
    10, 0);
Insert into PENGADAAN_RINCIAN
   (ID, TIPE, NAMA, VOLUME, SATUAN, 
    PENGADAAN_ID, PEKERJAAN_RINCIAN_ID, STATE, CREATED_AT, UPDATED_AT, 
    PAJAK, PAJAK_BM)
 Values
   (615, 1, 'puouk kompos', 56, 'ton', 
    241, 738, NULL, TO_DATE('03/31/2016 17:12:07', 'MM/DD/YYYY HH24:MI:SS'), TO_DATE('03/31/2016 17:12:07', 'MM/DD/YYYY HH24:MI:SS'), 
    10, 0);
Insert into PENGADAAN_RINCIAN
   (ID, TIPE, NAMA, VOLUME, SATUAN, 
    PENGADAAN_ID, PEKERJAAN_RINCIAN_ID, STATE, CREATED_AT, UPDATED_AT, 
    PAJAK, PAJAK_BM)
 Values
   (616, 1, 'MESIN HITUNG', 5, 'unit', 
    242, 739, NULL, TO_DATE('03/31/2016 17:56:19', 'MM/DD/YYYY HH24:MI:SS'), TO_DATE('03/31/2016 17:56:19', 'MM/DD/YYYY HH24:MI:SS'), 
    10, 0);
Insert into PENGADAAN_RINCIAN
   (ID, TIPE, NAMA, VOLUME, SATUAN, 
    PENGADAAN_ID, PEKERJAAN_RINCIAN_ID, STATE, CREATED_AT, UPDATED_AT, 
    PAJAK, PAJAK_BM)
 Values
   (602, 1, 'Rantai Besi', 5, 'EA', 
    229, 722, NULL, TO_DATE('03/18/2016 07:31:01', 'MM/DD/YYYY HH24:MI:SS'), TO_DATE('03/18/2016 07:31:01', 'MM/DD/YYYY HH24:MI:SS'), 
    10, 0);
Insert into PENGADAAN_RINCIAN
   (ID, TIPE, NAMA, VOLUME, SATUAN, 
    PENGADAAN_ID, PEKERJAAN_RINCIAN_ID, STATE, CREATED_AT, UPDATED_AT, 
    PAJAK, PAJAK_BM)
 Values
   (612, 1, 'Rantai Besi', 2, 'EA', 
    238, 732, NULL, TO_DATE('03/28/2016 04:04:38', 'MM/DD/YYYY HH24:MI:SS'), TO_DATE('03/28/2016 04:04:38', 'MM/DD/YYYY HH24:MI:SS'), 
    10, 0);
Insert into PENGADAAN_RINCIAN
   (ID, TIPE, NAMA, VOLUME, SATUAN, 
    PENGADAAN_ID, PEKERJAAN_RINCIAN_ID, STATE, CREATED_AT, UPDATED_AT, 
    PAJAK, PAJAK_BM)
 Values
   (601, 1, 'pupuk NH', 222, 'ton', 
    228, 719, NULL, TO_DATE('03/17/2016 06:30:01', 'MM/DD/YYYY HH24:MI:SS'), TO_DATE('03/17/2016 06:30:01', 'MM/DD/YYYY HH24:MI:SS'), 
    10, 0);
COMMIT;
